호출,그룹,키워드,기간,상대검색량
1_내부_그룹합산,브랜드,이니스프리,2021-01,55.77575
1_내부_그룹합산,브랜드,이니스프리,2021-02,62.11824
1_내부_그룹합산,브랜드,이니스프리,2021-03,42.06918
1_내부_그룹합산,브랜드,이니스프리,2021-04,42.55392
1_내부_그룹합산,브랜드,이니스프리,2021-05,55.77738
1_내부_그룹합산,브랜드,이니스프리,2021-06,40.98996
1_내부_그룹합산,브랜드,이니스프리,2021-07,42.4743
1_내부_그룹합산,브랜드,이니스프리,2021-08,41.0697
1_내부_그룹합산,브랜드,이니스프리,2021-09,52.07004
1_내부_그룹합산,브랜드,이니스프리,2021-10,100
1_내부_그룹합산,브랜드,이니스프리,2021-11,53.93777
1_내부_그룹합산,브랜드,이니스프리,2021-12,40.33695
1_내부_그룹합산,브랜드,이니스프리,2022-01,49.93608
1_내부_그룹합산,브랜드,이니스프리,2022-02,51.82918
1_내부_그룹합산,브랜드,이니스프리,2022-03,41.71668
1_내부_그룹합산,브랜드,이니스프리,2022-04,40.05226
1_내부_그룹합산,브랜드,이니스프리,2022-05,57.3539
1_내부_그룹합산,브랜드,이니스프리,2022-06,36.1784
1_내부_그룹합산,브랜드,이니스프리,2022-07,35.08373
1_내부_그룹합산,브랜드,이니스프리,2022-08,36.20377
1_내부_그룹합산,브랜드,이니스프리,2022-09,41.83536
1_내부_그룹합산,브랜드,이니스프리,2022-10,35.35636
1_내부_그룹합산,브랜드,이니스프리,2022-11,47.77976
1_내부_그룹합산,브랜드,이니스프리,2022-12,37.26604
1_내부_그룹합산,브랜드,이니스프리,2023-01,34.2475
1_내부_그룹합산,브랜드,이니스프리,2023-02,43.42405
1_내부_그룹합산,브랜드,이니스프리,2023-03,37.44512
1_내부_그룹합산,브랜드,이니스프리,2023-04,35.17565
1_내부_그룹합산,브랜드,이니스프리,2023-05,44.16648
1_내부_그룹합산,브랜드,이니스프리,2023-06,28.68699
1_내부_그룹합산,브랜드,이니스프리,2023-07,27.21081
1_내부_그룹합산,브랜드,이니스프리,2023-08,33.06919
1_내부_그룹합산,브랜드,이니스프리,2023-09,22.69512
1_내부_그룹합산,브랜드,이니스프리,2023-10,25.61257
1_내부_그룹합산,브랜드,이니스프리,2023-11,29.70707
1_내부_그룹합산,브랜드,이니스프리,2023-12,26.44114
1_내부_그룹합산,브랜드,이니스프리,2024-01,21.81783
1_내부_그룹합산,브랜드,이니스프리,2024-02,25.01218
1_내부_그룹합산,브랜드,이니스프리,2024-03,20.84622
1_내부_그룹합산,브랜드,이니스프리,2024-04,18.76362
1_내부_그룹합산,브랜드,이니스프리,2024-05,27.91204
1_내부_그룹합산,브랜드,이니스프리,2024-06,17.14215
1_내부_그룹합산,브랜드,이니스프리,2024-07,17.15822
1_내부_그룹합산,브랜드,이니스프리,2024-08,18.7699
1_내부_그룹합산,브랜드,이니스프리,2024-09,17.6854
1_내부_그룹합산,브랜드,이니스프리,2024-10,17.28945
1_내부_그룹합산,브랜드,이니스프리,2024-11,19.69429
1_내부_그룹합산,브랜드,이니스프리,2024-12,16.72899
1_내부_그룹합산,브랜드,이니스프리,2025-01,17.62299
1_내부_그룹합산,브랜드,이니스프리,2025-02,15.8841
1_내부_그룹합산,브랜드,이니스프리,2025-03,15.33406
1_내부_그룹합산,브랜드,이니스프리,2025-04,14.63886
1_내부_그룹합산,브랜드,이니스프리,2025-05,16.94775
1_내부_그룹합산,브랜드,이니스프리,2025-06,12.20011
1_내부_그룹합산,브랜드,이니스프리,2025-07,11.41587
1_내부_그룹합산,브랜드,이니스프리,2025-08,15.26801
1_내부_그룹합산,브랜드,이니스프리,2025-09,12.2845
1_내부_그룹합산,브랜드,이니스프리,2025-10,10.49613
1_내부_그룹합산,브랜드,이니스프리,2025-11,15.33783
1_내부_그룹합산,브랜드,이니스프리,2025-12,12.26793
1_내부_그룹합산,브랜드,이니스프리,2026-01,10.09692
1_내부_그룹합산,브랜드,이니스프리,2026-02,10.94985
1_내부_그룹합산,브랜드,이니스프리,2026-03,10.60802
1_내부_그룹합산,브랜드,이니스프리,2026-04,9.28015
1_내부_그룹합산,브랜드,이니스프리,2026-05,12.84722
1_내부_그룹합산,브랜드,이니스프리,2026-06,9.1724
1_내부_그룹합산,브랜드,이니스프리,2026-07,8.26748
1_내부_그룹합산,브랜드,이니스프리,2026-08,5.68483
1_내부_그룹합산,제주_그린티계,"이니스프리 제주, 이니스프리 그린티",2021-01,0.53509
1_내부_그룹합산,제주_그린티계,"이니스프리 제주, 이니스프리 그린티",2021-02,0.44718
1_내부_그룹합산,제주_그린티계,"이니스프리 제주, 이니스프리 그린티",2021-03,0.51198
1_내부_그룹합산,제주_그린티계,"이니스프리 제주, 이니스프리 그린티",2021-04,0.50357
1_내부_그룹합산,제주_그린티계,"이니스프리 제주, 이니스프리 그린티",2021-05,0.50507
1_내부_그룹합산,제주_그린티계,"이니스프리 제주, 이니스프리 그린티",2021-06,0.4664
1_내부_그룹합산,제주_그린티계,"이니스프리 제주, 이니스프리 그린티",2021-07,0.50018
1_내부_그룹합산,제주_그린티계,"이니스프리 제주, 이니스프리 그린티",2021-08,0.57326
1_내부_그룹합산,제주_그린티계,"이니스프리 제주, 이니스프리 그린티",2021-09,0.5101
1_내부_그룹합산,제주_그린티계,"이니스프리 제주, 이니스프리 그린티",2021-10,0.66041
1_내부_그룹합산,제주_그린티계,"이니스프리 제주, 이니스프리 그린티",2021-11,0.55731
1_내부_그룹합산,제주_그린티계,"이니스프리 제주, 이니스프리 그린티",2021-12,0.49189
1_내부_그룹합산,제주_그린티계,"이니스프리 제주, 이니스프리 그린티",2022-01,0.65313
1_내부_그룹합산,제주_그린티계,"이니스프리 제주, 이니스프리 그린티",2022-02,0.61835
1_내부_그룹합산,제주_그린티계,"이니스프리 제주, 이니스프리 그린티",2022-03,0.60164
1_내부_그룹합산,제주_그린티계,"이니스프리 제주, 이니스프리 그린티",2022-04,0.69344
1_내부_그룹합산,제주_그린티계,"이니스프리 제주, 이니스프리 그린티",2022-05,0.73777
1_내부_그룹합산,제주_그린티계,"이니스프리 제주, 이니스프리 그린티",2022-06,0.59649
1_내부_그룹합산,제주_그린티계,"이니스프리 제주, 이니스프리 그린티",2022-07,0.57502
1_내부_그룹합산,제주_그린티계,"이니스프리 제주, 이니스프리 그린티",2022-08,0.55895
1_내부_그룹합산,제주_그린티계,"이니스프리 제주, 이니스프리 그린티",2022-09,0.59386
1_내부_그룹합산,제주_그린티계,"이니스프리 제주, 이니스프리 그린티",2022-10,0.57916
1_내부_그룹합산,제주_그린티계,"이니스프리 제주, 이니스프리 그린티",2022-11,0.53735
1_내부_그룹합산,제주_그린티계,"이니스프리 제주, 이니스프리 그린티",2022-12,0.54852
1_내부_그룹합산,제주_그린티계,"이니스프리 제주, 이니스프리 그린티",2023-01,0.67197
1_내부_그룹합산,제주_그린티계,"이니스프리 제주, 이니스프리 그린티",2023-02,0.77444
1_내부_그룹합산,제주_그린티계,"이니스프리 제주, 이니스프리 그린티",2023-03,1.07018
1_내부_그룹합산,제주_그린티계,"이니스프리 제주, 이니스프리 그린티",2023-04,1.29245
1_내부_그룹합산,제주_그린티계,"이니스프리 제주, 이니스프리 그린티",2023-05,1.27964
1_내부_그룹합산,제주_그린티계,"이니스프리 제주, 이니스프리 그린티",2023-06,1.11036
1_내부_그룹합산,제주_그린티계,"이니스프리 제주, 이니스프리 그린티",2023-07,0.99822
1_내부_그룹합산,제주_그린티계,"이니스프리 제주, 이니스프리 그린티",2023-08,0.94962
1_내부_그룹합산,제주_그린티계,"이니스프리 제주, 이니스프리 그린티",2023-09,0.71165
1_내부_그룹합산,제주_그린티계,"이니스프리 제주, 이니스프리 그린티",2023-10,0.80621
1_내부_그룹합산,제주_그린티계,"이니스프리 제주, 이니스프리 그린티",2023-11,0.81676
1_내부_그룹합산,제주_그린티계,"이니스프리 제주, 이니스프리 그린티",2023-12,0.77004
1_내부_그룹합산,제주_그린티계,"이니스프리 제주, 이니스프리 그린티",2024-01,0.77645
1_내부_그룹합산,제주_그린티계,"이니스프리 제주, 이니스프리 그린티",2024-02,0.63643
1_내부_그룹합산,제주_그린티계,"이니스프리 제주, 이니스프리 그린티",2024-03,0.60491
1_내부_그룹합산,제주_그린티계,"이니스프리 제주, 이니스프리 그린티",2024-04,0.54061
1_내부_그룹합산,제주_그린티계,"이니스프리 제주, 이니스프리 그린티",2024-05,0.51914
1_내부_그룹합산,제주_그린티계,"이니스프리 제주, 이니스프리 그린티",2024-06,0.47544
1_내부_그룹합산,제주_그린티계,"이니스프리 제주, 이니스프리 그린티",2024-07,0.45107
1_내부_그룹합산,제주_그린티계,"이니스프리 제주, 이니스프리 그린티",2024-08,0.46451
1_내부_그룹합산,제주_그린티계,"이니스프리 제주, 이니스프리 그린티",2024-09,0.39193
1_내부_그룹합산,제주_그린티계,"이니스프리 제주, 이니스프리 그린티",2024-10,0.44341
1_내부_그룹합산,제주_그린티계,"이니스프리 제주, 이니스프리 그린티",2024-11,0.40561
1_내부_그룹합산,제주_그린티계,"이니스프리 제주, 이니스프리 그린티",2024-12,0.40235
1_내부_그룹합산,제주_그린티계,"이니스프리 제주, 이니스프리 그린티",2025-01,0.4124
1_내부_그룹합산,제주_그린티계,"이니스프리 제주, 이니스프리 그린티",2025-02,0.3702
1_내부_그룹합산,제주_그린티계,"이니스프리 제주, 이니스프리 그린티",2025-03,0.30892
1_내부_그룹합산,제주_그린티계,"이니스프리 제주, 이니스프리 그린티",2025-04,0.31269
1_내부_그룹합산,제주_그린티계,"이니스프리 제주, 이니스프리 그린티",2025-05,0.37284
1_내부_그룹합산,제주_그린티계,"이니스프리 제주, 이니스프리 그린티",2025-06,0.31645
1_내부_그룹합산,제주_그린티계,"이니스프리 제주, 이니스프리 그린티",2025-07,0.29084
1_내부_그룹합산,제주_그린티계,"이니스프리 제주, 이니스프리 그린티",2025-08,0.28732
1_내부_그룹합산,제주_그린티계,"이니스프리 제주, 이니스프리 그린티",2025-09,0.31344
1_내부_그룹합산,제주_그린티계,"이니스프리 제주, 이니스프리 그린티",2025-10,0.36053
1_내부_그룹합산,제주_그린티계,"이니스프리 제주, 이니스프리 그린티",2025-11,0.46652
1_내부_그룹합산,제주_그린티계,"이니스프리 제주, 이니스프리 그린티",2025-12,0.65125
1_내부_그룹합산,제주_그린티계,"이니스프리 제주, 이니스프리 그린티",2026-01,0.59562
1_내부_그룹합산,제주_그린티계,"이니스프리 제주, 이니스프리 그린티",2026-02,0.80797
1_내부_그룹합산,제주_그린티계,"이니스프리 제주, 이니스프리 그린티",2026-03,0.38314
1_내부_그룹합산,제주_그린티계,"이니스프리 제주, 이니스프리 그린티",2026-04,0.29938
1_내부_그룹합산,제주_그린티계,"이니스프리 제주, 이니스프리 그린티",2026-05,0.2563
1_내부_그룹합산,제주_그린티계,"이니스프리 제주, 이니스프리 그린티",2026-06,0.16212
1_내부_그룹합산,제주_그린티계,"이니스프리 제주, 이니스프리 그린티",2026-07,0.14604
1_내부_그룹합산,제주_그린티계,"이니스프리 제주, 이니스프리 그린티",2026-08,0.08953
1_내부_그룹합산,제주_화산송이계,"이니스프리 제주, 이니스프리 화산송이",2021-01,0.30302
1_내부_그룹합산,제주_화산송이계,"이니스프리 제주, 이니스프리 화산송이",2021-02,0.27376
1_내부_그룹합산,제주_화산송이계,"이니스프리 제주, 이니스프리 화산송이",2021-03,0.32324
1_내부_그룹합산,제주_화산송이계,"이니스프리 제주, 이니스프리 화산송이",2021-04,0.34446
1_내부_그룹합산,제주_화산송이계,"이니스프리 제주, 이니스프리 화산송이",2021-05,0.4674
1_내부_그룹합산,제주_화산송이계,"이니스프리 제주, 이니스프리 화산송이",2021-06,0.43663
1_내부_그룹합산,제주_화산송이계,"이니스프리 제주, 이니스프리 화산송이",2021-07,0.5278
1_내부_그룹합산,제주_화산송이계,"이니스프리 제주, 이니스프리 화산송이",2021-08,0.61558
1_내부_그룹합산,제주_화산송이계,"이니스프리 제주, 이니스프리 화산송이",2021-09,0.42571
1_내부_그룹합산,제주_화산송이계,"이니스프리 제주, 이니스프리 화산송이",2021-10,0.54827
1_내부_그룹합산,제주_화산송이계,"이니스프리 제주, 이니스프리 화산송이",2021-11,0.38464
1_내부_그룹합산,제주_화산송이계,"이니스프리 제주, 이니스프리 화산송이",2021-12,0.37058
1_내부_그룹합산,제주_화산송이계,"이니스프리 제주, 이니스프리 화산송이",2022-01,0.4556
1_내부_그룹합산,제주_화산송이계,"이니스프리 제주, 이니스프리 화산송이",2022-02,0.42483
1_내부_그룹합산,제주_화산송이계,"이니스프리 제주, 이니스프리 화산송이",2022-03,0.36191
1_내부_그룹합산,제주_화산송이계,"이니스프리 제주, 이니스프리 화산송이",2022-04,0.43726
1_내부_그룹합산,제주_화산송이계,"이니스프리 제주, 이니스프리 화산송이",2022-05,0.44693
1_내부_그룹합산,제주_화산송이계,"이니스프리 제주, 이니스프리 화산송이",2022-06,0.4075
1_내부_그룹합산,제주_화산송이계,"이니스프리 제주, 이니스프리 화산송이",2022-07,0.49264
1_내부_그룹합산,제주_화산송이계,"이니스프리 제주, 이니스프리 화산송이",2022-08,0.53509
1_내부_그룹합산,제주_화산송이계,"이니스프리 제주, 이니스프리 화산송이",2022-09,0.49515
1_내부_그룹합산,제주_화산송이계,"이니스프리 제주, 이니스프리 화산송이",2022-10,0.44367
1_내부_그룹합산,제주_화산송이계,"이니스프리 제주, 이니스프리 화산송이",2022-11,0.35023
1_내부_그룹합산,제주_화산송이계,"이니스프리 제주, 이니스프리 화산송이",2022-12,0.34596
1_내부_그룹합산,제주_화산송이계,"이니스프리 제주, 이니스프리 화산송이",2023-01,0.40549
1_내부_그룹합산,제주_화산송이계,"이니스프리 제주, 이니스프리 화산송이",2023-02,0.43688
1_내부_그룹합산,제주_화산송이계,"이니스프리 제주, 이니스프리 화산송이",2023-03,0.3545
1_내부_그룹합산,제주_화산송이계,"이니스프리 제주, 이니스프리 화산송이",2023-04,0.35363
1_내부_그룹합산,제주_화산송이계,"이니스프리 제주, 이니스프리 화산송이",2023-05,0.40411
1_내부_그룹합산,제주_화산송이계,"이니스프리 제주, 이니스프리 화산송이",2023-06,0.37736
1_내부_그룹합산,제주_화산송이계,"이니스프리 제주, 이니스프리 화산송이",2023-07,0.38125
1_내부_그룹합산,제주_화산송이계,"이니스프리 제주, 이니스프리 화산송이",2023-08,0.40022
1_내부_그룹합산,제주_화산송이계,"이니스프리 제주, 이니스프리 화산송이",2023-09,0.29385
1_내부_그룹합산,제주_화산송이계,"이니스프리 제주, 이니스프리 화산송이",2023-10,0.27112
1_내부_그룹합산,제주_화산송이계,"이니스프리 제주, 이니스프리 화산송이",2023-11,0.26409
1_내부_그룹합산,제주_화산송이계,"이니스프리 제주, 이니스프리 화산송이",2023-12,0.25567
1_내부_그룹합산,제주_화산송이계,"이니스프리 제주, 이니스프리 화산송이",2024-01,0.27727
1_내부_그룹합산,제주_화산송이계,"이니스프리 제주, 이니스프리 화산송이",2024-02,0.27501
1_내부_그룹합산,제주_화산송이계,"이니스프리 제주, 이니스프리 화산송이",2024-03,0.23458
1_내부_그룹합산,제주_화산송이계,"이니스프리 제주, 이니스프리 화산송이",2024-04,0.2342
1_내부_그룹합산,제주_화산송이계,"이니스프리 제주, 이니스프리 화산송이",2024-05,0.2607
1_내부_그룹합산,제주_화산송이계,"이니스프리 제주, 이니스프리 화산송이",2024-06,0.23483
1_내부_그룹합산,제주_화산송이계,"이니스프리 제주, 이니스프리 화산송이",2024-07,0.26597
1_내부_그룹합산,제주_화산송이계,"이니스프리 제주, 이니스프리 화산송이",2024-08,0.29347
1_내부_그룹합산,제주_화산송이계,"이니스프리 제주, 이니스프리 화산송이",2024-09,0.2298
1_내부_그룹합산,제주_화산송이계,"이니스프리 제주, 이니스프리 화산송이",2024-10,0.18748
1_내부_그룹합산,제주_화산송이계,"이니스프리 제주, 이니스프리 화산송이",2024-11,0.33692
1_내부_그룹합산,제주_화산송이계,"이니스프리 제주, 이니스프리 화산송이",2024-12,0.39117
1_내부_그룹합산,제주_화산송이계,"이니스프리 제주, 이니스프리 화산송이",2025-01,0.21524
1_내부_그룹합산,제주_화산송이계,"이니스프리 제주, 이니스프리 화산송이",2025-02,0.17593
1_내부_그룹합산,제주_화산송이계,"이니스프리 제주, 이니스프리 화산송이",2025-03,0.32801
1_내부_그룹합산,제주_화산송이계,"이니스프리 제주, 이니스프리 화산송이",2025-04,0.34069
1_내부_그룹합산,제주_화산송이계,"이니스프리 제주, 이니스프리 화산송이",2025-05,0.35438
1_내부_그룹합산,제주_화산송이계,"이니스프리 제주, 이니스프리 화산송이",2025-06,0.30754
1_내부_그룹합산,제주_화산송이계,"이니스프리 제주, 이니스프리 화산송이",2025-07,0.32123
1_내부_그룹합산,제주_화산송이계,"이니스프리 제주, 이니스프리 화산송이",2025-08,0.35237
1_내부_그룹합산,제주_화산송이계,"이니스프리 제주, 이니스프리 화산송이",2025-09,0.23093
1_내부_그룹합산,제주_화산송이계,"이니스프리 제주, 이니스프리 화산송이",2025-10,0.23696
1_내부_그룹합산,제주_화산송이계,"이니스프리 제주, 이니스프리 화산송이",2025-11,0.21172
1_내부_그룹합산,제주_화산송이계,"이니스프리 제주, 이니스프리 화산송이",2025-12,0.15961
1_내부_그룹합산,제주_화산송이계,"이니스프리 제주, 이니스프리 화산송이",2026-01,0.15948
1_내부_그룹합산,제주_화산송이계,"이니스프리 제주, 이니스프리 화산송이",2026-02,0.12356
1_내부_그룹합산,제주_화산송이계,"이니스프리 제주, 이니스프리 화산송이",2026-03,0.14353
1_내부_그룹합산,제주_화산송이계,"이니스프리 제주, 이니스프리 화산송이",2026-04,0.137
1_내부_그룹합산,제주_화산송이계,"이니스프리 제주, 이니스프리 화산송이",2026-05,0.14115
1_내부_그룹합산,제주_화산송이계,"이니스프리 제주, 이니스프리 화산송이",2026-06,0.14994
1_내부_그룹합산,제주_화산송이계,"이니스프리 제주, 이니스프리 화산송이",2026-07,0.17857
1_내부_그룹합산,제주_화산송이계,"이니스프리 제주, 이니스프리 화산송이",2026-08,0.10875
1_내부_그룹합산,제품군,"이니스프리 레티놀, 이니스프리 앰플",2021-01,0.17367
1_내부_그룹합산,제품군,"이니스프리 레티놀, 이니스프리 앰플",2021-02,0.18347
1_내부_그룹합산,제품군,"이니스프리 레티놀, 이니스프리 앰플",2021-03,0.14893
1_내부_그룹합산,제품군,"이니스프리 레티놀, 이니스프리 앰플",2021-04,0.11013
1_내부_그룹합산,제품군,"이니스프리 레티놀, 이니스프리 앰플",2021-05,0.1159
1_내부_그룹합산,제품군,"이니스프리 레티놀, 이니스프리 앰플",2021-06,0.07848
1_내부_그룹합산,제품군,"이니스프리 레티놀, 이니스프리 앰플",2021-07,0.06015
1_내부_그룹합산,제품군,"이니스프리 레티놀, 이니스프리 앰플",2021-08,0.06705
1_내부_그룹합산,제품군,"이니스프리 레티놀, 이니스프리 앰플",2021-09,1.18759
1_내부_그룹합산,제품군,"이니스프리 레티놀, 이니스프리 앰플",2021-10,2.4626
1_내부_그룹합산,제품군,"이니스프리 레티놀, 이니스프리 앰플",2021-11,1.46399
1_내부_그룹합산,제품군,"이니스프리 레티놀, 이니스프리 앰플",2021-12,0.75736
1_내부_그룹합산,제품군,"이니스프리 레티놀, 이니스프리 앰플",2022-01,1.00249
1_내부_그룹합산,제품군,"이니스프리 레티놀, 이니스프리 앰플",2022-02,0.85569
1_내부_그룹합산,제품군,"이니스프리 레티놀, 이니스프리 앰플",2022-03,1.6383
1_내부_그룹합산,제품군,"이니스프리 레티놀, 이니스프리 앰플",2022-04,1.58681
1_내부_그룹합산,제품군,"이니스프리 레티놀, 이니스프리 앰플",2022-05,1.21158
1_내부_그룹합산,제품군,"이니스프리 레티놀, 이니스프리 앰플",2022-06,0.71303
1_내부_그룹합산,제품군,"이니스프리 레티놀, 이니스프리 앰플",2022-07,0.62199
1_내부_그룹합산,제품군,"이니스프리 레티놀, 이니스프리 앰플",2022-08,1.04343
1_내부_그룹합산,제품군,"이니스프리 레티놀, 이니스프리 앰플",2022-09,1.45533
1_내부_그룹합산,제품군,"이니스프리 레티놀, 이니스프리 앰플",2022-10,1.60276
1_내부_그룹합산,제품군,"이니스프리 레티놀, 이니스프리 앰플",2022-11,1.76827
1_내부_그룹합산,제품군,"이니스프리 레티놀, 이니스프리 앰플",2022-12,1.4282
1_내부_그룹합산,제품군,"이니스프리 레티놀, 이니스프리 앰플",2023-01,2.85378
1_내부_그룹합산,제품군,"이니스프리 레티놀, 이니스프리 앰플",2023-02,2.76474
1_내부_그룹합산,제품군,"이니스프리 레티놀, 이니스프리 앰플",2023-03,2.63452
1_내부_그룹합산,제품군,"이니스프리 레티놀, 이니스프리 앰플",2023-04,2.31002
1_내부_그룹합산,제품군,"이니스프리 레티놀, 이니스프리 앰플",2023-05,2.34506
1_내부_그룹합산,제품군,"이니스프리 레티놀, 이니스프리 앰플",2023-06,2.76135
1_내부_그룹합산,제품군,"이니스프리 레티놀, 이니스프리 앰플",2023-07,2.49676
1_내부_그룹합산,제품군,"이니스프리 레티놀, 이니스프리 앰플",2023-08,3.24382
1_내부_그룹합산,제품군,"이니스프리 레티놀, 이니스프리 앰플",2023-09,2.47227
1_내부_그룹합산,제품군,"이니스프리 레티놀, 이니스프리 앰플",2023-10,3.03034
1_내부_그룹합산,제품군,"이니스프리 레티놀, 이니스프리 앰플",2023-11,3.21017
1_내부_그룹합산,제품군,"이니스프리 레티놀, 이니스프리 앰플",2023-12,2.45368
1_내부_그룹합산,제품군,"이니스프리 레티놀, 이니스프리 앰플",2024-01,2.58692
1_내부_그룹합산,제품군,"이니스프리 레티놀, 이니스프리 앰플",2024-02,2.57851
1_내부_그룹합산,제품군,"이니스프리 레티놀, 이니스프리 앰플",2024-03,2.51547
1_내부_그룹합산,제품군,"이니스프리 레티놀, 이니스프리 앰플",2024-04,2.19361
1_내부_그룹합산,제품군,"이니스프리 레티놀, 이니스프리 앰플",2024-05,2.88906
1_내부_그룹합산,제품군,"이니스프리 레티놀, 이니스프리 앰플",2024-06,2.27662
1_내부_그룹합산,제품군,"이니스프리 레티놀, 이니스프리 앰플",2024-07,2.39403
1_내부_그룹합산,제품군,"이니스프리 레티놀, 이니스프리 앰플",2024-08,2.6919
1_내부_그룹합산,제품군,"이니스프리 레티놀, 이니스프리 앰플",2024-09,2.51773
1_내부_그룹합산,제품군,"이니스프리 레티놀, 이니스프리 앰플",2024-10,2.80442
1_내부_그룹합산,제품군,"이니스프리 레티놀, 이니스프리 앰플",2024-11,2.44175
1_내부_그룹합산,제품군,"이니스프리 레티놀, 이니스프리 앰플",2024-12,1.98063
1_내부_그룹합산,제품군,"이니스프리 레티놀, 이니스프리 앰플",2025-01,2.76461
1_내부_그룹합산,제품군,"이니스프리 레티놀, 이니스프리 앰플",2025-02,2.61304
1_내부_그룹합산,제품군,"이니스프리 레티놀, 이니스프리 앰플",2025-03,2.2132
1_내부_그룹합산,제품군,"이니스프리 레티놀, 이니스프리 앰플",2025-04,1.74416
1_내부_그룹합산,제품군,"이니스프리 레티놀, 이니스프리 앰플",2025-05,1.56107
1_내부_그룹합산,제품군,"이니스프리 레티놀, 이니스프리 앰플",2025-06,1.25302
1_내부_그룹합산,제품군,"이니스프리 레티놀, 이니스프리 앰플",2025-07,1.16763
1_내부_그룹합산,제품군,"이니스프리 레티놀, 이니스프리 앰플",2025-08,1.72796
1_내부_그룹합산,제품군,"이니스프리 레티놀, 이니스프리 앰플",2025-09,1.39292
1_내부_그룹합산,제품군,"이니스프리 레티놀, 이니스프리 앰플",2025-10,1.10672
1_내부_그룹합산,제품군,"이니스프리 레티놀, 이니스프리 앰플",2025-11,1.30928
1_내부_그룹합산,제품군,"이니스프리 레티놀, 이니스프리 앰플",2025-12,1.22125
1_내부_그룹합산,제품군,"이니스프리 레티놀, 이니스프리 앰플",2026-01,1.40183
1_내부_그룹합산,제품군,"이니스프리 레티놀, 이니스프리 앰플",2026-02,1.21635
1_내부_그룹합산,제품군,"이니스프리 레티놀, 이니스프리 앰플",2026-03,1.69544
1_내부_그룹합산,제품군,"이니스프리 레티놀, 이니스프리 앰플",2026-04,1.43549
1_내부_그룹합산,제품군,"이니스프리 레티놀, 이니스프리 앰플",2026-05,1.80783
1_내부_그룹합산,제품군,"이니스프리 레티놀, 이니스프리 앰플",2026-06,1.53193
1_내부_그룹합산,제품군,"이니스프리 레티놀, 이니스프리 앰플",2026-07,1.29923
1_내부_그룹합산,제품군,"이니스프리 레티놀, 이니스프리 앰플",2026-08,0.67046
1_내부_그룹합산,리브랜딩,"이니스프리 리뉴얼, 이니스프리 로고",2021-01,0.00376
1_내부_그룹합산,리브랜딩,"이니스프리 리뉴얼, 이니스프리 로고",2021-02,0.00313
1_내부_그룹합산,리브랜딩,"이니스프리 리뉴얼, 이니스프리 로고",2021-03,0.02674
1_내부_그룹합산,리브랜딩,"이니스프리 리뉴얼, 이니스프리 로고",2021-04,0.03252
1_내부_그룹합산,리브랜딩,"이니스프리 리뉴얼, 이니스프리 로고",2021-05,0.01984
1_내부_그룹합산,리브랜딩,"이니스프리 리뉴얼, 이니스프리 로고",2021-06,0.01532
1_내부_그룹합산,리브랜딩,"이니스프리 리뉴얼, 이니스프리 로고",2021-07,0.00715
1_내부_그룹합산,리브랜딩,"이니스프리 리뉴얼, 이니스프리 로고",2021-08,0.00929
1_내부_그룹합산,리브랜딩,"이니스프리 리뉴얼, 이니스프리 로고",2021-09,0.01883
1_내부_그룹합산,리브랜딩,"이니스프리 리뉴얼, 이니스프리 로고",2021-10,0.01707
1_내부_그룹합산,리브랜딩,"이니스프리 리뉴얼, 이니스프리 로고",2021-11,0.02059
1_내부_그룹합산,리브랜딩,"이니스프리 리뉴얼, 이니스프리 로고",2021-12,0.00916
1_내부_그룹합산,리브랜딩,"이니스프리 리뉴얼, 이니스프리 로고",2022-01,0.002
1_내부_그룹합산,리브랜딩,"이니스프리 리뉴얼, 이니스프리 로고",2022-02,0.00364
1_내부_그룹합산,리브랜딩,"이니스프리 리뉴얼, 이니스프리 로고",2022-03,0.01871
1_내부_그룹합산,리브랜딩,"이니스프리 리뉴얼, 이니스프리 로고",2022-04,0.01908
1_내부_그룹합산,리브랜딩,"이니스프리 리뉴얼, 이니스프리 로고",2022-05,0.02235
1_내부_그룹합산,리브랜딩,"이니스프리 리뉴얼, 이니스프리 로고",2022-06,0.01243
1_내부_그룹합산,리브랜딩,"이니스프리 리뉴얼, 이니스프리 로고",2022-07,0.00527
1_내부_그룹합산,리브랜딩,"이니스프리 리뉴얼, 이니스프리 로고",2022-08,0.00678
1_내부_그룹합산,리브랜딩,"이니스프리 리뉴얼, 이니스프리 로고",2022-09,0.01506
1_내부_그룹합산,리브랜딩,"이니스프리 리뉴얼, 이니스프리 로고",2022-10,0.01079
1_내부_그룹합산,리브랜딩,"이니스프리 리뉴얼, 이니스프리 로고",2022-11,0.01142
1_내부_그룹합산,리브랜딩,"이니스프리 리뉴얼, 이니스프리 로고",2022-12,0.00665
1_내부_그룹합산,리브랜딩,"이니스프리 리뉴얼, 이니스프리 로고",2023-01,0.00226
1_내부_그룹합산,리브랜딩,"이니스프리 리뉴얼, 이니스프리 로고",2023-02,0.33579
1_내부_그룹합산,리브랜딩,"이니스프리 리뉴얼, 이니스프리 로고",2023-03,0.37397
1_내부_그룹합산,리브랜딩,"이니스프리 리뉴얼, 이니스프리 로고",2023-04,0.19766
1_내부_그룹합산,리브랜딩,"이니스프리 리뉴얼, 이니스프리 로고",2023-05,0.16764
1_내부_그룹합산,리브랜딩,"이니스프리 리뉴얼, 이니스프리 로고",2023-06,0.07936
1_내부_그룹합산,리브랜딩,"이니스프리 리뉴얼, 이니스프리 로고",2023-07,0.07924
1_내부_그룹합산,리브랜딩,"이니스프리 리뉴얼, 이니스프리 로고",2023-08,0.11251
1_내부_그룹합산,리브랜딩,"이니스프리 리뉴얼, 이니스프리 로고",2023-09,0.08451
1_내부_그룹합산,리브랜딩,"이니스프리 리뉴얼, 이니스프리 로고",2023-10,0.05877
1_내부_그룹합산,리브랜딩,"이니스프리 리뉴얼, 이니스프리 로고",2023-11,0.05362
1_내부_그룹합산,리브랜딩,"이니스프리 리뉴얼, 이니스프리 로고",2023-12,0.02674
1_내부_그룹합산,리브랜딩,"이니스프리 리뉴얼, 이니스프리 로고",2024-01,0.03001
1_내부_그룹합산,리브랜딩,"이니스프리 리뉴얼, 이니스프리 로고",2024-02,0.01619
1_내부_그룹합산,리브랜딩,"이니스프리 리뉴얼, 이니스프리 로고",2024-03,0.03139
1_내부_그룹합산,리브랜딩,"이니스프리 리뉴얼, 이니스프리 로고",2024-04,0.04671
1_내부_그룹합산,리브랜딩,"이니스프리 리뉴얼, 이니스프리 로고",2024-05,0.05299
1_내부_그룹합산,리브랜딩,"이니스프리 리뉴얼, 이니스프리 로고",2024-06,0.01833
1_내부_그룹합산,리브랜딩,"이니스프리 리뉴얼, 이니스프리 로고",2024-07,0.00929
1_내부_그룹합산,리브랜딩,"이니스프리 리뉴얼, 이니스프리 로고",2024-08,0.00376
1_내부_그룹합산,리브랜딩,"이니스프리 리뉴얼, 이니스프리 로고",2024-09,0.01984
1_내부_그룹합산,리브랜딩,"이니스프리 리뉴얼, 이니스프리 로고",2024-10,0.01594
1_내부_그룹합산,리브랜딩,"이니스프리 리뉴얼, 이니스프리 로고",2024-11,0.01858
1_내부_그룹합산,리브랜딩,"이니스프리 리뉴얼, 이니스프리 로고",2024-12,0.00992
1_내부_그룹합산,리브랜딩,"이니스프리 리뉴얼, 이니스프리 로고",2025-01,0.00891
1_내부_그룹합산,리브랜딩,"이니스프리 리뉴얼, 이니스프리 로고",2025-02,0.01004
1_내부_그룹합산,리브랜딩,"이니스프리 리뉴얼, 이니스프리 로고",2025-03,0.03516
1_내부_그룹합산,리브랜딩,"이니스프리 리뉴얼, 이니스프리 로고",2025-04,0.03578
1_내부_그룹합산,리브랜딩,"이니스프리 리뉴얼, 이니스프리 로고",2025-05,0.02825
1_내부_그룹합산,리브랜딩,"이니스프리 리뉴얼, 이니스프리 로고",2025-06,0.01268
1_내부_그룹합산,리브랜딩,"이니스프리 리뉴얼, 이니스프리 로고",2025-07,0.00916
1_내부_그룹합산,리브랜딩,"이니스프리 리뉴얼, 이니스프리 로고",2025-08,0.00276
1_내부_그룹합산,리브랜딩,"이니스프리 리뉴얼, 이니스프리 로고",2025-09,0.01406
1_내부_그룹합산,리브랜딩,"이니스프리 리뉴얼, 이니스프리 로고",2025-10,0.00778
1_내부_그룹합산,리브랜딩,"이니스프리 리뉴얼, 이니스프리 로고",2025-11,0.00803
1_내부_그룹합산,리브랜딩,"이니스프리 리뉴얼, 이니스프리 로고",2025-12,0.01306
1_내부_그룹합산,리브랜딩,"이니스프리 리뉴얼, 이니스프리 로고",2026-01,0.01293
1_내부_그룹합산,리브랜딩,"이니스프리 리뉴얼, 이니스프리 로고",2026-02,0.00326
1_내부_그룹합산,리브랜딩,"이니스프리 리뉴얼, 이니스프리 로고",2026-03,0.01255
1_내부_그룹합산,리브랜딩,"이니스프리 리뉴얼, 이니스프리 로고",2026-04,0.02247
1_내부_그룹합산,리브랜딩,"이니스프리 리뉴얼, 이니스프리 로고",2026-05,0.00841
1_내부_그룹합산,리브랜딩,"이니스프리 리뉴얼, 이니스프리 로고",2026-06,0.00841
1_내부_그룹합산,리브랜딩,"이니스프리 리뉴얼, 이니스프리 로고",2026-07,0.001
2_경쟁사비교,이니스프리,이니스프리,2021-01,55.77575
2_경쟁사비교,이니스프리,이니스프리,2021-02,62.11824
2_경쟁사비교,이니스프리,이니스프리,2021-03,42.06918
2_경쟁사비교,이니스프리,이니스프리,2021-04,42.55392
2_경쟁사비교,이니스프리,이니스프리,2021-05,55.77738
2_경쟁사비교,이니스프리,이니스프리,2021-06,40.98996
2_경쟁사비교,이니스프리,이니스프리,2021-07,42.4743
2_경쟁사비교,이니스프리,이니스프리,2021-08,41.0697
2_경쟁사비교,이니스프리,이니스프리,2021-09,52.07004
2_경쟁사비교,이니스프리,이니스프리,2021-10,100
2_경쟁사비교,이니스프리,이니스프리,2021-11,53.93777
2_경쟁사비교,이니스프리,이니스프리,2021-12,40.33695
2_경쟁사비교,이니스프리,이니스프리,2022-01,49.93608
2_경쟁사비교,이니스프리,이니스프리,2022-02,51.82918
2_경쟁사비교,이니스프리,이니스프리,2022-03,41.71668
2_경쟁사비교,이니스프리,이니스프리,2022-04,40.05226
2_경쟁사비교,이니스프리,이니스프리,2022-05,57.3539
2_경쟁사비교,이니스프리,이니스프리,2022-06,36.1784
2_경쟁사비교,이니스프리,이니스프리,2022-07,35.08373
2_경쟁사비교,이니스프리,이니스프리,2022-08,36.20377
2_경쟁사비교,이니스프리,이니스프리,2022-09,41.83536
2_경쟁사비교,이니스프리,이니스프리,2022-10,35.35636
2_경쟁사비교,이니스프리,이니스프리,2022-11,47.77976
2_경쟁사비교,이니스프리,이니스프리,2022-12,37.26604
2_경쟁사비교,이니스프리,이니스프리,2023-01,34.2475
2_경쟁사비교,이니스프리,이니스프리,2023-02,43.42405
2_경쟁사비교,이니스프리,이니스프리,2023-03,37.44512
2_경쟁사비교,이니스프리,이니스프리,2023-04,35.17565
2_경쟁사비교,이니스프리,이니스프리,2023-05,44.16648
2_경쟁사비교,이니스프리,이니스프리,2023-06,28.68699
2_경쟁사비교,이니스프리,이니스프리,2023-07,27.21081
2_경쟁사비교,이니스프리,이니스프리,2023-08,33.06919
2_경쟁사비교,이니스프리,이니스프리,2023-09,22.69512
2_경쟁사비교,이니스프리,이니스프리,2023-10,25.61257
2_경쟁사비교,이니스프리,이니스프리,2023-11,29.70707
2_경쟁사비교,이니스프리,이니스프리,2023-12,26.44114
2_경쟁사비교,이니스프리,이니스프리,2024-01,21.81783
2_경쟁사비교,이니스프리,이니스프리,2024-02,25.01218
2_경쟁사비교,이니스프리,이니스프리,2024-03,20.84622
2_경쟁사비교,이니스프리,이니스프리,2024-04,18.76362
2_경쟁사비교,이니스프리,이니스프리,2024-05,27.91204
2_경쟁사비교,이니스프리,이니스프리,2024-06,17.14215
2_경쟁사비교,이니스프리,이니스프리,2024-07,17.15822
2_경쟁사비교,이니스프리,이니스프리,2024-08,18.7699
2_경쟁사비교,이니스프리,이니스프리,2024-09,17.6854
2_경쟁사비교,이니스프리,이니스프리,2024-10,17.28945
2_경쟁사비교,이니스프리,이니스프리,2024-11,19.69429
2_경쟁사비교,이니스프리,이니스프리,2024-12,16.72899
2_경쟁사비교,이니스프리,이니스프리,2025-01,17.62299
2_경쟁사비교,이니스프리,이니스프리,2025-02,15.8841
2_경쟁사비교,이니스프리,이니스프리,2025-03,15.33406
2_경쟁사비교,이니스프리,이니스프리,2025-04,14.63886
2_경쟁사비교,이니스프리,이니스프리,2025-05,16.94775
2_경쟁사비교,이니스프리,이니스프리,2025-06,12.20011
2_경쟁사비교,이니스프리,이니스프리,2025-07,11.41587
2_경쟁사비교,이니스프리,이니스프리,2025-08,15.26801
2_경쟁사비교,이니스프리,이니스프리,2025-09,12.2845
2_경쟁사비교,이니스프리,이니스프리,2025-10,10.49613
2_경쟁사비교,이니스프리,이니스프리,2025-11,15.33783
2_경쟁사비교,이니스프리,이니스프리,2025-12,12.26793
2_경쟁사비교,이니스프리,이니스프리,2026-01,10.09692
2_경쟁사비교,이니스프리,이니스프리,2026-02,10.94985
2_경쟁사비교,이니스프리,이니스프리,2026-03,10.60802
2_경쟁사비교,이니스프리,이니스프리,2026-04,9.28015
2_경쟁사비교,이니스프리,이니스프리,2026-05,12.84722
2_경쟁사비교,이니스프리,이니스프리,2026-06,9.1724
2_경쟁사비교,이니스프리,이니스프리,2026-07,8.26748
2_경쟁사비교,이니스프리,이니스프리,2026-08,5.68483
2_경쟁사비교,미샤,미샤,2021-01,25.75058
2_경쟁사비교,미샤,미샤,2021-02,22.643
2_경쟁사비교,미샤,미샤,2021-03,24.89288
2_경쟁사비교,미샤,미샤,2021-04,21.76232
2_경쟁사비교,미샤,미샤,2021-05,21.14887
2_경쟁사비교,미샤,미샤,2021-06,21.5585
2_경쟁사비교,미샤,미샤,2021-07,17.59737
2_경쟁사비교,미샤,미샤,2021-08,16.67976
2_경쟁사비교,미샤,미샤,2021-09,16.21876
2_경쟁사비교,미샤,미샤,2021-10,18.67609
2_경쟁사비교,미샤,미샤,2021-11,30.49169
2_경쟁사비교,미샤,미샤,2021-12,22.06383
2_경쟁사비교,미샤,미샤,2022-01,18.75156
2_경쟁사비교,미샤,미샤,2022-02,16.95214
2_경쟁사비교,미샤,미샤,2022-03,20.52562
2_경쟁사비교,미샤,미샤,2022-04,19.70584
2_경쟁사비교,미샤,미샤,2022-05,17.60151
2_경쟁사비교,미샤,미샤,2022-06,18.44678
2_경쟁사비교,미샤,미샤,2022-07,14.22168
2_경쟁사비교,미샤,미샤,2022-08,15.32866
2_경쟁사비교,미샤,미샤,2022-09,17.17053
2_경쟁사비교,미샤,미샤,2022-10,16.7752
2_경쟁사비교,미샤,미샤,2022-11,23.7962
2_경쟁사비교,미샤,미샤,2022-12,16.50697
2_경쟁사비교,미샤,미샤,2023-01,15.99084
2_경쟁사비교,미샤,미샤,2023-02,16.15484
2_경쟁사비교,미샤,미샤,2023-03,19.10607
2_경쟁사비교,미샤,미샤,2023-04,16.77558
2_경쟁사비교,미샤,미샤,2023-05,16.10361
2_경쟁사비교,미샤,미샤,2023-06,16.88308
2_경쟁사비교,미샤,미샤,2023-07,10.45168
2_경쟁사비교,미샤,미샤,2023-08,17.06805
2_경쟁사비교,미샤,미샤,2023-09,54.85563
2_경쟁사비교,미샤,미샤,2023-10,20.71487
2_경쟁사비교,미샤,미샤,2023-11,18.792
2_경쟁사비교,미샤,미샤,2023-12,12.11824
2_경쟁사비교,미샤,미샤,2024-01,11.56983
2_경쟁사비교,미샤,미샤,2024-02,10.92473
2_경쟁사비교,미샤,미샤,2024-03,14.10514
2_경쟁사비교,미샤,미샤,2024-04,10.87777
2_경쟁사비교,미샤,미샤,2024-05,10.91833
2_경쟁사비교,미샤,미샤,2024-06,11.51935
2_경쟁사비교,미샤,미샤,2024-07,8.2936
2_경쟁사비교,미샤,미샤,2024-08,8.92439
2_경쟁사비교,미샤,미샤,2024-09,10.04166
2_경쟁사비교,미샤,미샤,2024-10,11.75581
2_경쟁사비교,미샤,미샤,2024-11,12.70858
2_경쟁사비교,미샤,미샤,2024-12,10.16624
2_경쟁사비교,미샤,미샤,2025-01,9.22628
2_경쟁사비교,미샤,미샤,2025-02,9.33616
2_경쟁사비교,미샤,미샤,2025-03,16.50408
2_경쟁사비교,미샤,미샤,2025-04,8.31093
2_경쟁사비교,미샤,미샤,2025-05,8.53836
2_경쟁사비교,미샤,미샤,2025-06,9.07583
2_경쟁사비교,미샤,미샤,2025-07,6.83061
2_경쟁사비교,미샤,미샤,2025-08,7.25833
2_경쟁사비교,미샤,미샤,2025-09,7.41367
2_경쟁사비교,미샤,미샤,2025-10,7.8979
2_경쟁사비교,미샤,미샤,2025-11,9.88783
2_경쟁사비교,미샤,미샤,2025-12,8.59926
2_경쟁사비교,미샤,미샤,2026-01,8.49654
2_경쟁사비교,미샤,미샤,2026-02,7.18236
2_경쟁사비교,미샤,미샤,2026-03,8.55581
2_경쟁사비교,미샤,미샤,2026-04,6.96096
2_경쟁사비교,미샤,미샤,2026-05,6.45463
2_경쟁사비교,미샤,미샤,2026-06,6.61625
2_경쟁사비교,미샤,미샤,2026-07,5.19921
2_경쟁사비교,미샤,미샤,2026-08,3.19836
2_경쟁사비교,3CE,3CE,2021-01,9.61947
2_경쟁사비교,3CE,3CE,2021-02,9.56722
2_경쟁사비교,3CE,3CE,2021-03,9.51159
2_경쟁사비교,3CE,3CE,2021-04,7.05753
2_경쟁사비교,3CE,3CE,2021-05,7.62653
2_경쟁사비교,3CE,3CE,2021-06,8.52806
2_경쟁사비교,3CE,3CE,2021-07,6.7854
2_경쟁사비교,3CE,3CE,2021-08,6.93283
2_경쟁사비교,3CE,3CE,2021-09,6.95782
2_경쟁사비교,3CE,3CE,2021-10,7.62954
2_경쟁사비교,3CE,3CE,2021-11,6.57116
2_경쟁사비교,3CE,3CE,2021-12,6.04109
2_경쟁사비교,3CE,3CE,2022-01,6.87004
2_경쟁사비교,3CE,3CE,2022-02,6.09195
2_경쟁사비교,3CE,3CE,2022-03,5.33748
2_경쟁사비교,3CE,3CE,2022-04,5.20738
2_경쟁사비교,3CE,3CE,2022-05,6.2586
2_경쟁사비교,3CE,3CE,2022-06,6.17107
2_경쟁사비교,3CE,3CE,2022-07,5.99752
2_경쟁사비교,3CE,3CE,2022-08,7.79732
2_경쟁사비교,3CE,3CE,2022-09,7.79229
2_경쟁사비교,3CE,3CE,2022-10,8.54878
2_경쟁사비교,3CE,3CE,2022-11,6.87419
2_경쟁사비교,3CE,3CE,2022-12,5.9886
2_경쟁사비교,3CE,3CE,2023-01,7.33983
2_경쟁사비교,3CE,3CE,2023-02,6.79356
2_경쟁사비교,3CE,3CE,2023-03,6.01836
2_경쟁사비교,3CE,3CE,2023-04,5.78152
2_경쟁사비교,3CE,3CE,2023-05,6.83325
2_경쟁사비교,3CE,3CE,2023-06,6.33608
2_경쟁사비교,3CE,3CE,2023-07,5.78881
2_경쟁사비교,3CE,3CE,2023-08,6.28082
2_경쟁사비교,3CE,3CE,2023-09,5.28097
2_경쟁사비교,3CE,3CE,2023-10,5.57695
2_경쟁사비교,3CE,3CE,2023-11,5.36561
2_경쟁사비교,3CE,3CE,2023-12,6.16881
2_경쟁사비교,3CE,3CE,2024-01,5.42852
2_경쟁사비교,3CE,3CE,2024-02,5.76495
2_경쟁사비교,3CE,3CE,2024-03,5.58549
2_경쟁사비교,3CE,3CE,2024-04,4.55123
2_경쟁사비교,3CE,3CE,2024-05,4.8815
2_경쟁사비교,3CE,3CE,2024-06,5.32391
2_경쟁사비교,3CE,3CE,2024-07,5.53137
2_경쟁사비교,3CE,3CE,2024-08,5.59554
2_경쟁사비교,3CE,3CE,2024-09,4.30911
2_경쟁사비교,3CE,3CE,2024-10,4.8069
2_경쟁사비교,3CE,3CE,2024-11,4.46407
2_경쟁사비교,3CE,3CE,2024-12,3.83467
2_경쟁사비교,3CE,3CE,2025-01,4.08985
2_경쟁사비교,3CE,3CE,2025-02,4.06699
2_경쟁사비교,3CE,3CE,2025-03,3.53127
2_경쟁사비교,3CE,3CE,2025-04,2.93816
2_경쟁사비교,3CE,3CE,2025-05,3.70658
2_경쟁사비교,3CE,3CE,2025-06,2.87851
2_경쟁사비교,3CE,3CE,2025-07,3.00535
2_경쟁사비교,3CE,3CE,2025-08,3.44174
2_경쟁사비교,3CE,3CE,2025-09,3.39188
2_경쟁사비교,3CE,3CE,2025-10,3.56644
2_경쟁사비교,3CE,3CE,2025-11,3.35019
2_경쟁사비교,3CE,3CE,2025-12,3.29895
2_경쟁사비교,3CE,3CE,2026-01,3.30071
2_경쟁사비교,3CE,3CE,2026-02,2.83733
2_경쟁사비교,3CE,3CE,2026-03,2.77968
2_경쟁사비교,3CE,3CE,2026-04,2.76863
2_경쟁사비교,3CE,3CE,2026-05,2.37055
2_경쟁사비교,3CE,3CE,2026-06,2.27398
2_경쟁사비교,3CE,3CE,2026-07,2.17967
2_경쟁사비교,3CE,3CE,2026-08,1.26231
2_경쟁사비교,토니모리,토니모리,2021-01,15.03694
2_경쟁사비교,토니모리,토니모리,2021-02,11.05333
2_경쟁사비교,토니모리,토니모리,2021-03,11.41926
2_경쟁사비교,토니모리,토니모리,2021-04,11.11298
2_경쟁사비교,토니모리,토니모리,2021-05,11.7808
2_경쟁사비교,토니모리,토니모리,2021-06,14.65568
2_경쟁사비교,토니모리,토니모리,2021-07,11.21972
2_경쟁사비교,토니모리,토니모리,2021-08,10.49098
2_경쟁사비교,토니모리,토니모리,2021-09,10.37972
2_경쟁사비교,토니모리,토니모리,2021-10,10.82377
2_경쟁사비교,토니모리,토니모리,2021-11,11.72932
2_경쟁사비교,토니모리,토니모리,2021-12,12.02694
2_경쟁사비교,토니모리,토니모리,2022-01,12.84584
2_경쟁사비교,토니모리,토니모리,2022-02,13.55523
2_경쟁사비교,토니모리,토니모리,2022-03,13.07778
2_경쟁사비교,토니모리,토니모리,2022-04,20.0994
2_경쟁사비교,토니모리,토니모리,2022-05,15.62653
2_경쟁사비교,토니모리,토니모리,2022-06,11.39477
2_경쟁사비교,토니모리,토니모리,2022-07,10.64934
2_경쟁사비교,토니모리,토니모리,2022-08,10.11726
2_경쟁사비교,토니모리,토니모리,2022-09,10.60564
2_경쟁사비교,토니모리,토니모리,2022-10,8.8307
2_경쟁사비교,토니모리,토니모리,2022-11,9.55781
2_경쟁사비교,토니모리,토니모리,2022-12,12.29028
2_경쟁사비교,토니모리,토니모리,2023-01,11.23416
2_경쟁사비교,토니모리,토니모리,2023-02,11.59922
2_경쟁사비교,토니모리,토니모리,2023-03,11.62622
2_경쟁사비교,토니모리,토니모리,2023-04,10.35247
2_경쟁사비교,토니모리,토니모리,2023-05,10.80179
2_경쟁사비교,토니모리,토니모리,2023-06,10.34117
2_경쟁사비교,토니모리,토니모리,2023-07,9.06529
2_경쟁사비교,토니모리,토니모리,2023-08,17.06265
2_경쟁사비교,토니모리,토니모리,2023-09,9.40787
2_경쟁사비교,토니모리,토니모리,2023-10,8.70487
2_경쟁사비교,토니모리,토니모리,2023-11,10.74905
2_경쟁사비교,토니모리,토니모리,2023-12,9.48635
2_경쟁사비교,토니모리,토니모리,2024-01,13.83276
2_경쟁사비교,토니모리,토니모리,2024-02,10.36653
2_경쟁사비교,토니모리,토니모리,2024-03,10.36955
2_경쟁사비교,토니모리,토니모리,2024-04,14.09673
2_경쟁사비교,토니모리,토니모리,2024-05,16.90782
2_경쟁사비교,토니모리,토니모리,2024-06,19.44602
2_경쟁사비교,토니모리,토니모리,2024-07,14.54681
2_경쟁사비교,토니모리,토니모리,2024-08,11.46485
2_경쟁사비교,토니모리,토니모리,2024-09,9.84111
2_경쟁사비교,토니모리,토니모리,2024-10,9.11476
2_경쟁사비교,토니모리,토니모리,2024-11,8.80785
2_경쟁사비교,토니모리,토니모리,2024-12,8.13613
2_경쟁사비교,토니모리,토니모리,2025-01,8.50483
2_경쟁사비교,토니모리,토니모리,2025-02,14.97164
2_경쟁사비교,토니모리,토니모리,2025-03,15.78413
2_경쟁사비교,토니모리,토니모리,2025-04,12.0125
2_경쟁사비교,토니모리,토니모리,2025-05,11.23655
2_경쟁사비교,토니모리,토니모리,2025-06,14.51453
2_경쟁사비교,토니모리,토니모리,2025-07,12.97016
2_경쟁사비교,토니모리,토니모리,2025-08,9.42017
2_경쟁사비교,토니모리,토니모리,2025-09,8.1517
2_경쟁사비교,토니모리,토니모리,2025-10,8.88809
2_경쟁사비교,토니모리,토니모리,2025-11,9.37484
2_경쟁사비교,토니모리,토니모리,2025-12,8.00502
2_경쟁사비교,토니모리,토니모리,2026-01,7.79732
2_경쟁사비교,토니모리,토니모리,2026-02,6.39347
2_경쟁사비교,토니모리,토니모리,2026-03,6.05604
2_경쟁사비교,토니모리,토니모리,2026-04,5.99162
2_경쟁사비교,토니모리,토니모리,2026-05,5.59253
2_경쟁사비교,토니모리,토니모리,2026-06,4.76408
2_경쟁사비교,토니모리,토니모리,2026-07,5.29465
2_경쟁사비교,토니모리,토니모리,2026-08,2.8588
2_경쟁사비교,에뛰드,에뛰드,2021-01,9.36291
2_경쟁사비교,에뛰드,에뛰드,2021-02,8.68717
2_경쟁사비교,에뛰드,에뛰드,2021-03,8.58495
2_경쟁사비교,에뛰드,에뛰드,2021-04,8.69269
2_경쟁사비교,에뛰드,에뛰드,2021-05,8.54162
2_경쟁사비교,에뛰드,에뛰드,2021-06,7.52983
2_경쟁사비교,에뛰드,에뛰드,2021-07,7.76529
2_경쟁사비교,에뛰드,에뛰드,2021-08,7.38906
2_경쟁사비교,에뛰드,에뛰드,2021-09,8.34911
2_경쟁사비교,에뛰드,에뛰드,2021-10,7.50647
2_경쟁사비교,에뛰드,에뛰드,2021-11,8.49817
2_경쟁사비교,에뛰드,에뛰드,2021-12,6.92216
2_경쟁사비교,에뛰드,에뛰드,2022-01,7.44921
2_경쟁사비교,에뛰드,에뛰드,2022-02,7.42083
2_경쟁사비교,에뛰드,에뛰드,2022-03,7.42384
2_경쟁사비교,에뛰드,에뛰드,2022-04,6.48363
2_경쟁사비교,에뛰드,에뛰드,2022-05,26.47881
2_경쟁사비교,에뛰드,에뛰드,2022-06,7.29261
2_경쟁사비교,에뛰드,에뛰드,2022-07,7.84177
2_경쟁사비교,에뛰드,에뛰드,2022-08,7.00014
2_경쟁사비교,에뛰드,에뛰드,2022-09,6.38267
2_경쟁사비교,에뛰드,에뛰드,2022-10,6.2915
2_경쟁사비교,에뛰드,에뛰드,2022-11,6.29451
2_경쟁사비교,에뛰드,에뛰드,2022-12,7.41593
2_경쟁사비교,에뛰드,에뛰드,2023-01,8.29637
2_경쟁사비교,에뛰드,에뛰드,2023-02,7.38378
2_경쟁사비교,에뛰드,에뛰드,2023-03,7.20433
2_경쟁사비교,에뛰드,에뛰드,2023-04,6.11669
2_경쟁사비교,에뛰드,에뛰드,2023-05,6.41419
2_경쟁사비교,에뛰드,에뛰드,2023-06,5.1638
2_경쟁사비교,에뛰드,에뛰드,2023-07,4.71134
2_경쟁사비교,에뛰드,에뛰드,2023-08,4.99703
2_경쟁사비교,에뛰드,에뛰드,2023-09,6.09271
2_경쟁사비교,에뛰드,에뛰드,2023-10,6.12272
2_경쟁사비교,에뛰드,에뛰드,2023-11,6.81479
2_경쟁사비교,에뛰드,에뛰드,2023-12,13.27318
2_경쟁사비교,에뛰드,에뛰드,2024-01,8.27615
2_경쟁사비교,에뛰드,에뛰드,2024-02,6.96171
2_경쟁사비교,에뛰드,에뛰드,2024-03,10.67157
2_경쟁사비교,에뛰드,에뛰드,2024-04,6.57192
2_경쟁사비교,에뛰드,에뛰드,2024-05,7.89866
2_경쟁사비교,에뛰드,에뛰드,2024-06,7.87354
2_경쟁사비교,에뛰드,에뛰드,2024-07,7.06431
2_경쟁사비교,에뛰드,에뛰드,2024-08,5.3425
2_경쟁사비교,에뛰드,에뛰드,2024-09,5.14861
2_경쟁사비교,에뛰드,에뛰드,2024-10,5.58901
2_경쟁사비교,에뛰드,에뛰드,2024-11,6.09811
2_경쟁사비교,에뛰드,에뛰드,2024-12,4.41836
2_경쟁사비교,에뛰드,에뛰드,2025-01,5.51216
2_경쟁사비교,에뛰드,에뛰드,2025-02,5.9935
2_경쟁사비교,에뛰드,에뛰드,2025-03,4.54495
2_경쟁사비교,에뛰드,에뛰드,2025-04,3.76209
2_경쟁사비교,에뛰드,에뛰드,2025-05,4.43394
2_경쟁사비교,에뛰드,에뛰드,2025-06,3.77465
2_경쟁사비교,에뛰드,에뛰드,2025-07,3.77866
2_경쟁사비교,에뛰드,에뛰드,2025-08,4.58099
2_경쟁사비교,에뛰드,에뛰드,2025-09,3.40092
2_경쟁사비교,에뛰드,에뛰드,2025-10,3.42516
2_경쟁사비교,에뛰드,에뛰드,2025-11,4.03384
2_경쟁사비교,에뛰드,에뛰드,2025-12,3.37016
2_경쟁사비교,에뛰드,에뛰드,2026-01,3.97633
2_경쟁사비교,에뛰드,에뛰드,2026-02,4.5339
2_경쟁사비교,에뛰드,에뛰드,2026-03,8.1674
2_경쟁사비교,에뛰드,에뛰드,2026-04,2.79325
2_경쟁사비교,에뛰드,에뛰드,2026-05,2.1332
2_경쟁사비교,에뛰드,에뛰드,2026-06,2.37632
2_경쟁사비교,에뛰드,에뛰드,2026-07,2.5667
2_경쟁사비교,에뛰드,에뛰드,2026-08,1.31518
3_키워드분해,브랜드,이니스프리,2021-01,55.77575
3_키워드분해,브랜드,이니스프리,2021-02,62.11824
3_키워드분해,브랜드,이니스프리,2021-03,42.06918
3_키워드분해,브랜드,이니스프리,2021-04,42.55392
3_키워드분해,브랜드,이니스프리,2021-05,55.77738
3_키워드분해,브랜드,이니스프리,2021-06,40.98996
3_키워드분해,브랜드,이니스프리,2021-07,42.4743
3_키워드분해,브랜드,이니스프리,2021-08,41.0697
3_키워드분해,브랜드,이니스프리,2021-09,52.07004
3_키워드분해,브랜드,이니스프리,2021-10,100
3_키워드분해,브랜드,이니스프리,2021-11,53.93777
3_키워드분해,브랜드,이니스프리,2021-12,40.33695
3_키워드분해,브랜드,이니스프리,2022-01,49.93608
3_키워드분해,브랜드,이니스프리,2022-02,51.82918
3_키워드분해,브랜드,이니스프리,2022-03,41.71668
3_키워드분해,브랜드,이니스프리,2022-04,40.05226
3_키워드분해,브랜드,이니스프리,2022-05,57.3539
3_키워드분해,브랜드,이니스프리,2022-06,36.1784
3_키워드분해,브랜드,이니스프리,2022-07,35.08373
3_키워드분해,브랜드,이니스프리,2022-08,36.20377
3_키워드분해,브랜드,이니스프리,2022-09,41.83536
3_키워드분해,브랜드,이니스프리,2022-10,35.35636
3_키워드분해,브랜드,이니스프리,2022-11,47.77976
3_키워드분해,브랜드,이니스프리,2022-12,37.26604
3_키워드분해,브랜드,이니스프리,2023-01,34.2475
3_키워드분해,브랜드,이니스프리,2023-02,43.42405
3_키워드분해,브랜드,이니스프리,2023-03,37.44512
3_키워드분해,브랜드,이니스프리,2023-04,35.17565
3_키워드분해,브랜드,이니스프리,2023-05,44.16648
3_키워드분해,브랜드,이니스프리,2023-06,28.68699
3_키워드분해,브랜드,이니스프리,2023-07,27.21081
3_키워드분해,브랜드,이니스프리,2023-08,33.06919
3_키워드분해,브랜드,이니스프리,2023-09,22.69512
3_키워드분해,브랜드,이니스프리,2023-10,25.61257
3_키워드분해,브랜드,이니스프리,2023-11,29.70707
3_키워드분해,브랜드,이니스프리,2023-12,26.44114
3_키워드분해,브랜드,이니스프리,2024-01,21.81783
3_키워드분해,브랜드,이니스프리,2024-02,25.01218
3_키워드분해,브랜드,이니스프리,2024-03,20.84622
3_키워드분해,브랜드,이니스프리,2024-04,18.76362
3_키워드분해,브랜드,이니스프리,2024-05,27.91204
3_키워드분해,브랜드,이니스프리,2024-06,17.14215
3_키워드분해,브랜드,이니스프리,2024-07,17.15822
3_키워드분해,브랜드,이니스프리,2024-08,18.7699
3_키워드분해,브랜드,이니스프리,2024-09,17.6854
3_키워드분해,브랜드,이니스프리,2024-10,17.28945
3_키워드분해,브랜드,이니스프리,2024-11,19.69429
3_키워드분해,브랜드,이니스프리,2024-12,16.72899
3_키워드분해,브랜드,이니스프리,2025-01,17.62299
3_키워드분해,브랜드,이니스프리,2025-02,15.8841
3_키워드분해,브랜드,이니스프리,2025-03,15.33406
3_키워드분해,브랜드,이니스프리,2025-04,14.63886
3_키워드분해,브랜드,이니스프리,2025-05,16.94775
3_키워드분해,브랜드,이니스프리,2025-06,12.20011
3_키워드분해,브랜드,이니스프리,2025-07,11.41587
3_키워드분해,브랜드,이니스프리,2025-08,15.26801
3_키워드분해,브랜드,이니스프리,2025-09,12.2845
3_키워드분해,브랜드,이니스프리,2025-10,10.49613
3_키워드분해,브랜드,이니스프리,2025-11,15.33783
3_키워드분해,브랜드,이니스프리,2025-12,12.26793
3_키워드분해,브랜드,이니스프리,2026-01,10.09692
3_키워드분해,브랜드,이니스프리,2026-02,10.94985
3_키워드분해,브랜드,이니스프리,2026-03,10.60802
3_키워드분해,브랜드,이니스프리,2026-04,9.28015
3_키워드분해,브랜드,이니스프리,2026-05,12.84722
3_키워드분해,브랜드,이니스프리,2026-06,9.1724
3_키워드분해,브랜드,이니스프리,2026-07,8.26748
3_키워드분해,브랜드,이니스프리,2026-08,5.68483
3_키워드분해,제주,이니스프리 제주,2021-01,0.1414
3_키워드분해,제주,이니스프리 제주,2021-02,0.13662
3_키워드분해,제주,이니스프리 제주,2021-03,0.16551
3_키워드분해,제주,이니스프리 제주,2021-04,0.18535
3_키워드분해,제주,이니스프리 제주,2021-05,0.20155
3_키워드분해,제주,이니스프리 제주,2021-06,0.19979
3_키워드분해,제주,이니스프리 제주,2021-07,0.22503
3_키워드분해,제주,이니스프리 제주,2021-08,0.21009
3_키워드분해,제주,이니스프리 제주,2021-09,0.17103
3_키워드분해,제주,이니스프리 제주,2021-10,0.19602
3_키워드분해,제주,이니스프리 제주,2021-11,0.16538
3_키워드분해,제주,이니스프리 제주,2021-12,0.14416
3_키워드분해,제주,이니스프리 제주,2022-01,0.20758
3_키워드분해,제주,이니스프리 제주,2022-02,0.15521
3_키워드분해,제주,이니스프리 제주,2022-03,0.13173
3_키워드분해,제주,이니스프리 제주,2022-04,0.21624
3_키워드분해,제주,이니스프리 제주,2022-05,0.17317
3_키워드분해,제주,이니스프리 제주,2022-06,0.15421
3_키워드분해,제주,이니스프리 제주,2022-07,0.18158
3_키워드분해,제주,이니스프리 제주,2022-08,0.17882
3_키워드분해,제주,이니스프리 제주,2022-09,0.2062
3_키워드분해,제주,이니스프리 제주,2022-10,0.21298
3_키워드분해,제주,이니스프리 제주,2022-11,0.15333
3_키워드분해,제주,이니스프리 제주,2022-12,0.19213
3_키워드분해,제주,이니스프리 제주,2023-01,0.23119
3_키워드분해,제주,이니스프리 제주,2023-02,0.25693
3_키워드분해,제주,이니스프리 제주,2023-03,0.14529
3_키워드분해,제주,이니스프리 제주,2023-04,0.13914
3_키워드분해,제주,이니스프리 제주,2023-05,0.16475
3_키워드분해,제주,이니스프리 제주,2023-06,0.17116
3_키워드분해,제주,이니스프리 제주,2023-07,0.17154
3_키워드분해,제주,이니스프리 제주,2023-08,0.16789
3_키워드분해,제주,이니스프리 제주,2023-09,0.11302
3_키워드분해,제주,이니스프리 제주,2023-10,0.11641
3_키워드분해,제주,이니스프리 제주,2023-11,0.11754
3_키워드분해,제주,이니스프리 제주,2023-12,0.13436
3_키워드분해,제주,이니스프리 제주,2024-01,0.14115
3_키워드분해,제주,이니스프리 제주,2024-02,0.12507
3_키워드분해,제주,이니스프리 제주,2024-03,0.09996
3_키워드분해,제주,이니스프리 제주,2024-04,0.09782
3_키워드분해,제주,이니스프리 제주,2024-05,0.10762
3_키워드분해,제주,이니스프리 제주,2024-06,0.1041
3_키워드분해,제주,이니스프리 제주,2024-07,0.10887
3_키워드분해,제주,이니스프리 제주,2024-08,0.11942
3_키워드분해,제주,이니스프리 제주,2024-09,0.10485
3_키워드분해,제주,이니스프리 제주,2024-10,0.09983
3_키워드분해,제주,이니스프리 제주,2024-11,0.07911
3_키워드분해,제주,이니스프리 제주,2024-12,0.08313
3_키워드분해,제주,이니스프리 제주,2025-01,0.08464
3_키워드분해,제주,이니스프리 제주,2025-02,0.0722
3_키워드분해,제주,이니스프리 제주,2025-03,0.06191
3_키워드분해,제주,이니스프리 제주,2025-04,0.06869
3_키워드분해,제주,이니스프리 제주,2025-05,0.08451
3_키워드분해,제주,이니스프리 제주,2025-06,0.07396
3_키워드분해,제주,이니스프리 제주,2025-07,0.08777
3_키워드분해,제주,이니스프리 제주,2025-08,0.10259
3_키워드분해,제주,이니스프리 제주,2025-09,0.0599
3_키워드분해,제주,이니스프리 제주,2025-10,0.06894
3_키워드분해,제주,이니스프리 제주,2025-11,0.06191
3_키워드분해,제주,이니스프리 제주,2025-12,0.06015
3_키워드분해,제주,이니스프리 제주,2026-01,0.06693
3_키워드분해,제주,이니스프리 제주,2026-02,0.0496
3_키워드분해,제주,이니스프리 제주,2026-03,0.04257
3_키워드분해,제주,이니스프리 제주,2026-04,0.0442
3_키워드분해,제주,이니스프리 제주,2026-05,0.05575
3_키워드분해,제주,이니스프리 제주,2026-06,0.04395
3_키워드분해,제주,이니스프리 제주,2026-07,0.05713
3_키워드분해,제주,이니스프리 제주,2026-08,0.03918
3_키워드분해,그린티,이니스프리 그린티,2021-01,0.39368
3_키워드분해,그린티,이니스프리 그린티,2021-02,0.31055
3_키워드분해,그린티,이니스프리 그린티,2021-03,0.34647
3_키워드분해,그린티,이니스프리 그린티,2021-04,0.31821
3_키워드분해,그린티,이니스프리 그린티,2021-05,0.30352
3_키워드분해,그린티,이니스프리 그린티,2021-06,0.2666
3_키워드분해,그린티,이니스프리 그린티,2021-07,0.27514
3_키워드분해,그린티,이니스프리 그린티,2021-08,0.36317
3_키워드분해,그린티,이니스프리 그린티,2021-09,0.33906
3_키워드분해,그린티,이니스프리 그린티,2021-10,0.46439
3_키워드분해,그린티,이니스프리 그린티,2021-11,0.39193
3_키워드분해,그린티,이니스프리 그린티,2021-12,0.34772
3_키워드분해,그린티,이니스프리 그린티,2022-01,0.44555
3_키워드분해,그린티,이니스프리 그린티,2022-02,0.46313
3_키워드분해,그린티,이니스프리 그린티,2022-03,0.46991
3_키워드분해,그린티,이니스프리 그린티,2022-04,0.47719
3_키워드분해,그린티,이니스프리 그린티,2022-05,0.5646
3_키워드분해,그린티,이니스프리 그린티,2022-06,0.44228
3_키워드분해,그린티,이니스프리 그린티,2022-07,0.39343
3_키워드분해,그린티,이니스프리 그린티,2022-08,0.38012
3_키워드분해,그린티,이니스프리 그린티,2022-09,0.38766
3_키워드분해,그린티,이니스프리 그린티,2022-10,0.36618
3_키워드분해,그린티,이니스프리 그린티,2022-11,0.38402
3_키워드분해,그린티,이니스프리 그린티,2022-12,0.35639
3_키워드분해,그린티,이니스프리 그린티,2023-01,0.44078
3_키워드분해,그린티,이니스프리 그린티,2023-02,0.51751
3_키워드분해,그린티,이니스프리 그린티,2023-03,0.92488
3_키워드분해,그린티,이니스프리 그린티,2023-04,1.15331
3_키워드분해,그린티,이니스프리 그린티,2023-05,1.11488
3_키워드분해,그린티,이니스프리 그린티,2023-06,0.9392
3_키워드분해,그린티,이니스프리 그린티,2023-07,0.82668
3_키워드분해,그린티,이니스프리 그린티,2023-08,0.78172
3_키워드분해,그린티,이니스프리 그린티,2023-09,0.59863
3_키워드분해,그린티,이니스프리 그린티,2023-10,0.6898
3_키워드분해,그린티,이니스프리 그린티,2023-11,0.69922
3_키워드분해,그린티,이니스프리 그린티,2023-12,0.63568
3_키워드분해,그린티,이니스프리 그린티,2024-01,0.6353
3_키워드분해,그린티,이니스프리 그린티,2024-02,0.51135
3_키워드분해,그린티,이니스프리 그린티,2024-03,0.50495
3_키워드분해,그린티,이니스프리 그린티,2024-04,0.44279
3_키워드분해,그린티,이니스프리 그린티,2024-05,0.41152
3_키워드분해,그린티,이니스프리 그린티,2024-06,0.37133
3_키워드분해,그린티,이니스프리 그린티,2024-07,0.3422
3_키워드분해,그린티,이니스프리 그린티,2024-08,0.34509
3_키워드분해,그린티,이니스프리 그린티,2024-09,0.28707
3_키워드분해,그린티,이니스프리 그린티,2024-10,0.34358
3_키워드분해,그린티,이니스프리 그린티,2024-11,0.3265
3_키워드분해,그린티,이니스프리 그린티,2024-12,0.31922
3_키워드분해,그린티,이니스프리 그린티,2025-01,0.32776
3_키워드분해,그린티,이니스프리 그린티,2025-02,0.29799
3_키워드분해,그린티,이니스프리 그린티,2025-03,0.24701
3_키워드분해,그린티,이니스프리 그린티,2025-04,0.24399
3_키워드분해,그린티,이니스프리 그린티,2025-05,0.28832
3_키워드분해,그린티,이니스프리 그린티,2025-06,0.24249
3_키워드분해,그린티,이니스프리 그린티,2025-07,0.20306
3_키워드분해,그린티,이니스프리 그린티,2025-08,0.18472
3_키워드분해,그린티,이니스프리 그린티,2025-09,0.25354
3_키워드분해,그린티,이니스프리 그린티,2025-10,0.29159
3_키워드분해,그린티,이니스프리 그린티,2025-11,0.40461
3_키워드분해,그린티,이니스프리 그린티,2025-12,0.59109
3_키워드분해,그린티,이니스프리 그린티,2026-01,0.52868
3_키워드분해,그린티,이니스프리 그린티,2026-02,0.75837
3_키워드분해,그린티,이니스프리 그린티,2026-03,0.34057
3_키워드분해,그린티,이니스프리 그린티,2026-04,0.25517
3_키워드분해,그린티,이니스프리 그린티,2026-05,0.20054
3_키워드분해,그린티,이니스프리 그린티,2026-06,0.11816
3_키워드분해,그린티,이니스프리 그린티,2026-07,0.0889
3_키워드분해,그린티,이니스프리 그린티,2026-08,0.05035
3_키워드분해,화산송이,이니스프리 화산송이,2021-01,0.16162
3_키워드분해,화산송이,이니스프리 화산송이,2021-02,0.13713
3_키워드분해,화산송이,이니스프리 화산송이,2021-03,0.15772
3_키워드분해,화산송이,이니스프리 화산송이,2021-04,0.1591
3_키워드분해,화산송이,이니스프리 화산송이,2021-05,0.26585
3_키워드분해,화산송이,이니스프리 화산송이,2021-06,0.23684
3_키워드분해,화산송이,이니스프리 화산송이,2021-07,0.30277
3_키워드분해,화산송이,이니스프리 화산송이,2021-08,0.40549
3_키워드분해,화산송이,이니스프리 화산송이,2021-09,0.25467
3_키워드분해,화산송이,이니스프리 화산송이,2021-10,0.35224
3_키워드분해,화산송이,이니스프리 화산송이,2021-11,0.21926
3_키워드분해,화산송이,이니스프리 화산송이,2021-12,0.22641
3_키워드분해,화산송이,이니스프리 화산송이,2022-01,0.24801
3_키워드분해,화산송이,이니스프리 화산송이,2022-02,0.26961
3_키워드분해,화산송이,이니스프리 화산송이,2022-03,0.23018
3_키워드분해,화산송이,이니스프리 화산송이,2022-04,0.22101
3_키워드분해,화산송이,이니스프리 화산송이,2022-05,0.27376
3_키워드분해,화산송이,이니스프리 화산송이,2022-06,0.25329
3_키워드분해,화산송이,이니스프리 화산송이,2022-07,0.31105
3_키워드분해,화산송이,이니스프리 화산송이,2022-08,0.35626
3_키워드분해,화산송이,이니스프리 화산송이,2022-09,0.28895
3_키워드분해,화산송이,이니스프리 화산송이,2022-10,0.23068
3_키워드분해,화산송이,이니스프리 화산송이,2022-11,0.1969
3_키워드분해,화산송이,이니스프리 화산송이,2022-12,0.15383
3_키워드분해,화산송이,이니스프리 화산송이,2023-01,0.1743
3_키워드분해,화산송이,이니스프리 화산송이,2023-02,0.17995
3_키워드분해,화산송이,이니스프리 화산송이,2023-03,0.20921
3_키워드분해,화산송이,이니스프리 화산송이,2023-04,0.21448
3_키워드분해,화산송이,이니스프리 화산송이,2023-05,0.23935
3_키워드분해,화산송이,이니스프리 화산송이,2023-06,0.2062
3_키워드분해,화산송이,이니스프리 화산송이,2023-07,0.20971
3_키워드분해,화산송이,이니스프리 화산송이,2023-08,0.23232
3_키워드분해,화산송이,이니스프리 화산송이,2023-09,0.18083
3_키워드분해,화산송이,이니스프리 화산송이,2023-10,0.15471
3_키워드분해,화산송이,이니스프리 화산송이,2023-11,0.14655
3_키워드분해,화산송이,이니스프리 화산송이,2023-12,0.1213
3_키워드분해,화산송이,이니스프리 화산송이,2024-01,0.13612
3_키워드분해,화산송이,이니스프리 화산송이,2024-02,0.14994
3_키워드분해,화산송이,이니스프리 화산송이,2024-03,0.13462
3_키워드분해,화산송이,이니스프리 화산송이,2024-04,0.13637
3_키워드분해,화산송이,이니스프리 화산송이,2024-05,0.15308
3_키워드분해,화산송이,이니스프리 화산송이,2024-06,0.13072
3_키워드분해,화산송이,이니스프리 화산송이,2024-07,0.15709
3_키워드분해,화산송이,이니스프리 화산송이,2024-08,0.17405
3_키워드분해,화산송이,이니스프리 화산송이,2024-09,0.12495
3_키워드분해,화산송이,이니스프리 화산송이,2024-10,0.08765
3_키워드분해,화산송이,이니스프리 화산송이,2024-11,0.25781
3_키워드분해,화산송이,이니스프리 화산송이,2024-12,0.30804
3_키워드분해,화산송이,이니스프리 화산송이,2025-01,0.1306
3_키워드분해,화산송이,이니스프리 화산송이,2025-02,0.10372
3_키워드분해,화산송이,이니스프리 화산송이,2025-03,0.2661
3_키워드분해,화산송이,이니스프리 화산송이,2025-04,0.272
3_키워드분해,화산송이,이니스프리 화산송이,2025-05,0.26986
3_키워드분해,화산송이,이니스프리 화산송이,2025-06,0.23357
3_키워드분해,화산송이,이니스프리 화산송이,2025-07,0.23345
3_키워드분해,화산송이,이니스프리 화산송이,2025-08,0.24977
3_키워드분해,화산송이,이니스프리 화산송이,2025-09,0.17103
3_키워드분해,화산송이,이니스프리 화산송이,2025-10,0.16802
3_키워드분해,화산송이,이니스프리 화산송이,2025-11,0.14981
3_키워드분해,화산송이,이니스프리 화산송이,2025-12,0.09945
3_키워드분해,화산송이,이니스프리 화산송이,2026-01,0.09255
3_키워드분해,화산송이,이니스프리 화산송이,2026-02,0.07396
3_키워드분해,화산송이,이니스프리 화산송이,2026-03,0.10096
3_키워드분해,화산송이,이니스프리 화산송이,2026-04,0.0928
3_키워드분해,화산송이,이니스프리 화산송이,2026-05,0.08539
3_키워드분해,화산송이,이니스프리 화산송이,2026-06,0.10598
3_키워드분해,화산송이,이니스프리 화산송이,2026-07,0.12143
3_키워드분해,화산송이,이니스프리 화산송이,2026-08,0.06957
3_키워드분해,레티놀,이니스프리 레티놀,2021-02,0.0015
3_키워드분해,레티놀,이니스프리 레티놀,2021-04,0.00062
3_키워드분해,레티놀,이니스프리 레티놀,2021-09,0.54438
3_키워드분해,레티놀,이니스프리 레티놀,2021-10,2.18205
3_키워드분해,레티놀,이니스프리 레티놀,2021-11,1.21171
3_키워드분해,레티놀,이니스프리 레티놀,2021-12,0.59976
3_키워드분해,레티놀,이니스프리 레티놀,2022-01,0.69859
3_키워드분해,레티놀,이니스프리 레티놀,2022-02,0.66117
3_키워드분해,레티놀,이니스프리 레티놀,2022-03,1.45859
3_키워드분해,레티놀,이니스프리 레티놀,2022-04,1.40372
3_키워드분해,레티놀,이니스프리 레티놀,2022-05,1.00425
3_키워드분해,레티놀,이니스프리 레티놀,2022-06,0.57251
3_키워드분해,레티놀,이니스프리 레티놀,2022-07,0.49829
3_키워드분해,레티놀,이니스프리 레티놀,2022-08,0.86448
3_키워드분해,레티놀,이니스프리 레티놀,2022-09,1.2765
3_키워드분해,레티놀,이니스프리 레티놀,2022-10,1.33641
3_키워드분해,레티놀,이니스프리 레티놀,2022-11,1.53118
3_키워드분해,레티놀,이니스프리 레티놀,2022-12,1.25139
3_키워드분해,레티놀,이니스프리 레티놀,2023-01,2.63904
3_키워드분해,레티놀,이니스프리 레티놀,2023-02,2.55402
3_키워드분해,레티놀,이니스프리 레티놀,2023-03,2.43296
3_키워드분해,레티놀,이니스프리 레티놀,2023-04,2.11349
3_키워드분해,레티놀,이니스프리 레티놀,2023-05,2.12743
3_키워드분해,레티놀,이니스프리 레티놀,2023-06,2.59609
3_키워드분해,레티놀,이니스프리 레티놀,2023-07,2.3556
3_키워드분해,레티놀,이니스프리 레티놀,2023-08,3.06626
3_키워드분해,레티놀,이니스프리 레티놀,2023-09,2.3335
3_키워드분해,레티놀,이니스프리 레티놀,2023-10,2.8328
3_키워드분해,레티놀,이니스프리 레티놀,2023-11,3.02255
3_키워드분해,레티놀,이니스프리 레티놀,2023-12,2.29658
3_키워드분해,레티놀,이니스프리 레티놀,2024-01,2.42794
3_키워드분해,레티놀,이니스프리 레티놀,2024-02,2.42342
3_키워드분해,레티놀,이니스프리 레티놀,2024-03,2.37557
3_키워드분해,레티놀,이니스프리 레티놀,2024-04,2.06753
3_키워드분해,레티놀,이니스프리 레티놀,2024-05,2.73686
3_키워드분해,레티놀,이니스프리 레티놀,2024-06,2.17012
3_키워드분해,레티놀,이니스프리 레티놀,2024-07,2.28277
3_키워드분해,레티놀,이니스프리 레티놀,2024-08,2.55113
3_키워드분해,레티놀,이니스프리 레티놀,2024-09,2.39278
3_키워드분해,레티놀,이니스프리 레티놀,2024-10,2.57838
3_키워드분해,레티놀,이니스프리 레티놀,2024-11,2.30085
3_키워드분해,레티놀,이니스프리 레티놀,2024-12,1.85831
3_키워드분해,레티놀,이니스프리 레티놀,2025-01,2.61141
3_키워드분해,레티놀,이니스프리 레티놀,2025-02,2.48344
3_키워드분해,레티놀,이니스프리 레티놀,2025-03,2.08071
3_키워드분해,레티놀,이니스프리 레티놀,2025-04,1.64483
3_키워드분해,레티놀,이니스프리 레티놀,2025-05,1.47869
3_키워드분해,레티놀,이니스프리 레티놀,2025-06,1.17868
3_키워드분해,레티놀,이니스프리 레티놀,2025-07,1.10948
3_키워드분해,레티놀,이니스프리 레티놀,2025-08,1.64746
3_키워드분해,레티놀,이니스프리 레티놀,2025-09,1.33113
3_키워드분해,레티놀,이니스프리 레티놀,2025-10,1.05787
3_키워드분해,레티놀,이니스프리 레티놀,2025-11,1.24448
3_키워드분해,레티놀,이니스프리 레티놀,2025-12,1.15432
3_키워드분해,레티놀,이니스프리 레티놀,2026-01,1.33955
3_키워드분해,레티놀,이니스프리 레티놀,2026-02,1.15758
3_키워드분해,레티놀,이니스프리 레티놀,2026-03,1.64206
3_키워드분해,레티놀,이니스프리 레티놀,2026-04,1.39354
3_키워드분해,레티놀,이니스프리 레티놀,2026-05,1.75973
3_키워드분해,레티놀,이니스프리 레티놀,2026-06,1.49702
3_키워드분해,레티놀,이니스프리 레티놀,2026-07,1.27073
3_키워드분해,레티놀,이니스프리 레티놀,2026-08,0.65426
