title,link,description,bloggername,bloggerlink,postdate
[(광고X) 지성 선크림 추천] 이니스프리 톤업 노세범 선크림 리뉴얼 ....,https://blog.naver.com/jihyunclaire/224368501514,"안녕하세요 끌레르에요♀️ 최근에 이니스프리에서 베스트셀러인 톤업노세범 선크림을... 이니스프리 공홈에서는 정가 2만원, 30% 할인으로는 14000원에 판매하고 있었고 2개입은 28000원에 퍼프 증정 이벤트를...",끌레르의 쁘띠매거진,https://blog.naver.com/jihyunclaire,20260805
제주 오설록 티 뮤지엄 이니스프리하우스,https://blog.naver.com/fabrunch/224372076434,제주 오설록 티 뮤지엄 이니스프리하우스 제주도 여행을 계획할 때... 제주 이니스프리하우스 뮤지엄 본관에서 조금만 걸어가면 통유리창 너머로 녹차밭이 그림처럼 펼쳐지는 제주 이니스프리하우스가 자리...,해피한 여행에디터 해피팅,https://blog.naver.com/fabrunch,20260808
이니스프리 X 토이스토리 노세범 톤업 선크림 솔직 후기,https://blog.naver.com/jwat1589/224304667195,한겹으로 매끈 보송한 이니스프리 노세범 톤업 선크림 솔직 후기... 올리브영에서 이니스프리X토이스토리 콜라보 에디션으로 노세범 톤업... 또 이번 이니스프리 X 토이스토리 에디션은 선크림 제품 뿐만 아니라...,오늘을 〰️ 영원처럼,https://blog.naver.com/jwat1589,20260603
"이니스프리 그린 티 씨드 히알루론산 수분크림 후기, 주사 피부염 ....",https://blog.naver.com/dlscjsdmswl/224314235760,"이니스프리 그린 티 씨드 히알루론산 수분크림 후기, 주사 피부염... 그래서 오늘 소개해 드리는 ‘이니스프리 그린 티 씨드 히알루론산... 하지만 이니스프리 그린 티 씨드 크림은 그런 걱정이 전혀 없었습니다....",세빛나 ⭐️,https://blog.naver.com/dlscjsdmswl,20260612
이니스프리 수퍼 화산송이 모공 마스크 솔직 후기｜피지·모공 관리....,https://blog.naver.com/joybongbong2/224340912994,안녕하세요 조이입니다 :) 오늘은 이니스프리 슈퍼 화산송이 모공... 유행했던 이니스프리 화산송이 모공팩이 생각났고 오랜만에 구매하게 되었습니다! 이니스프리 슈퍼 화산송이 모공 마스크 패키지예요...,꿀팁 조이의 블로그♥,https://blog.naver.com/joybongbong2,20260709
끈적임 없이 보습감 좋은 인생립밤 내돈내산 이니스프리 유채꿀 립....,https://blog.naver.com/ssossin1236/224301308581,[더블구성] 이니스프리 유채꿀 립밤 (초보습) 3.5g 이니스프리 naver.me 바로 이니스프리 유채꿀 립밤 (초보습)임 두 통이나 비우고 나서 다른 제품에 잠깐 한눈 팔았다가 결국 다시 돌아오게됨 진짜 끈적임 없이...,LIFIN log,https://blog.naver.com/ssossin1236,20260609
이니스프리 포어 블러 파우더 11g 추천! 모공 커버부터 메이크업 픽....,https://blog.naver.com/vhrwnsu17/224329886646,"이니스프리 포어 블러 파우더 11g 추천! 모공 커버부터 메이크업 픽서까지 이니스프리 포어 블러 파우더 11g, 1개 여름철이나 피지 분비가... 오늘 소개해드릴 제품은 이니스프리 포어 블러 파우더 11g인데요. 고운...",러블리한여행님의 블로그,https://blog.naver.com/vhrwnsu17,20260628
[제주 안덕] 제주 이니스프리 제주하우스 ㅣ카페에서 10만 원 쓴 가....,https://blog.naver.com/park6576801/224369461722,제주 오설록에 갔다면 바로 옆에 있는 이니스프리 제주하우스도... 제주 감성이 가득한 공간 이니스프리 제주하우스는 커다란 나무와... 여기에서만 살 수 있는 제주 제품 이니스프리 제주하우스에는 일반...,밖순이 이과녀의 일상,https://blog.naver.com/park6576801,20260806
올리브영 이니스프리 바르는 콜라겐 보습 크림 추천,https://blog.naver.com/hewtbylvv/224369225284,이니스프리 크림 코너에서 보습과 탄력을 한 번에 챙겨줄 아이템을 발견했답니다. 바로 올리브영 보습크림 중에서도 핫한 이니스프리... 이 이니스프리 크림 제품을 권해드립니다. 무겁고 답답한 버터 제형이...,비야 Beauty+Travel,https://blog.naver.com/hewtbylvv,20260805
홈스킨부스터의 끝판왕 이니스프리 레티놀 그린티 PDRN 앰플 3종 세....,https://blog.naver.com/k-stoo/224335463812,"저도 그런 고민이 있었는데, 마침 쿠팡 체험단을 통해 이니스프리 레티놀 그린티 PDRN 스킨부스터 앰플... 고민이셨다면 이니스프리 이 제품 정말 좋은 선택이 될 거예요. 앞으로도 꾸준히 사용해보고 변화된 피부...",먹고 사는 이야기,https://blog.naver.com/k-stoo,20260703
기름종이 대신 이거 쓰세요 | 이니스프리 노세범 미네랄 피지조절 ....,https://blog.naver.com/san0396/224367342079,"이니스프리 노세범 미네랄 피지조절 팩트 투명, 8.5g 이니스프리 naver.me 안녕하세요, 뷰티보건소입니다... 제품, 이니스프리 노세범 미네랄 피지조절 팩트 (8.5g) 를 꼼꼼히 정리해 드리려 합니다. 단순한 ""좋아요...",뷰티 보건소,https://blog.naver.com/san0396,20260804
이니스프리 노세범 팩트 내돈내산 nn번째 재구매,https://blog.naver.com/etoile99089/224330263297,"하나예요  이니스프리 노세범은 이게 벌써 몇년째 쓰는건지... 많은데 이니스프리 노세범팩트는 그게 없어서 더 좋아요 화장이... 써보다가도 돌고돌아 여기로 돌아오게돼요 노세범은 이니스프리가 근본이댜ㅑ,,,,,",채채log,https://blog.naver.com/etoile99089,20260629
이니스프리 공병 수거/ 공병 적립/ 수거 가능 품목/ 불가 품목,https://blog.naver.com/sunaost/224356683764,"내가 n 년째 쓰고 있는 이니스프리 ,, ㅋㅋㅋㅋㅋㅋㅋㅋㅋ 기초... ㅋㅋㅋㅋㅋㅋㅋㅋㅋㅋ 분리수거해도 되는데,,, 이니스프리 잘 쓰는... 주는 이니스프리 넘 좋자냐? ,,,  #이니스프리 #이니스프리공병...",가볍고 편안한 삶,https://blog.naver.com/sunaost,20260724
"이니스프리 노세범 미네랄 피지조절 파우더 투명 5g 사용후기, 번들....",https://blog.naver.com/thgus09150/224373932175,이니스프리 노세범 미네랄 피지조절 파우더 5g 2개 번들거림 고민이라면? 제가 안그래도 지성인데... 유명한건 이니스프리더라구요 그래서 이니스프리 노세범 미네랄 피지조절 파우더로 바꿨습니다! 파우더...,소횬 탐방,https://blog.naver.com/thgus09150,20260810
여름철 떡진 머리와 유분기 고민 끝! 이니스프리 노세범 미네랄 팩....,https://blog.naver.com/somoon_nanda/224333604134,출처- 쿠팡 이니스프리 브랜드샵 여름만 되면 솟아나는 땀과... 이번에는 가루 날림 걱정 없이 더 간편하게 쓸 수 있는 이니스프리... 이니스프리 노세범 미네랄 팩트 파우더 8.5g https://link.coupang.com/a/e2gBZZj1CC?...,입소문,https://blog.naver.com/somoon_nanda,20260702
이니스프리 노세범 선파우더 | 여름 파우더 추천 • 자외선 차단 • ....,https://blog.naver.com/twora0/224348630873,추천해드리려고 달려왔어요 ㅎㅎ 이니스프리 노세범 선파우더 우선 이니스프리는 노세범 맛집인 거 잘... 잡고 자외선 차단까지 일석이조 효과를 찾으시는 분들은 이 이니스프리 노세범 선파우더 추천드립니다!!!,뉴라의 생활 zip,https://blog.naver.com/twora0,20260716
이니스프리 포어 블러 파우더 내돈내산 모공 요철 커버 지성 후기,https://blog.naver.com/jaerryy/224297090794,"난 이니스프리 포어 블러 파우더 를 아시나요 ? 모공, 요철 커버는 물론... 지금 이니스프리가 입점된 전체몰에서 품절이라 포어 블러 파우더를 구할 수 있었음에 감사하고 있답니다. 사실 이니스프리 대표...",리재리의 미니홈피,https://blog.naver.com/jaerryy,20260526
화잘먹 베이스 효과본 이니스프리 선세럼 추천,https://blog.naver.com/qmfosej/224324273516,화잘먹 베이스 효과본 이니스프리 선세럼 추천하러 왔어요!! 여름만... 실제 이니스프리 선세럼 사용 후 화장한모습 기초는 촉촉하게... 바로 이니스프리 데일리 UV 수분장벽 선세럼이랍니다! 3줄 요약 ✔ 화장...,뷰티 데일리 @이람님,https://blog.naver.com/qmfosej,20260623
이니스프리 레티놀 시카 흔적 앰플 실사용 후기 올리브영 세럼 추천,https://blog.naver.com/limhyunjun/224308321946,"그래서 자자극 레티놀 세럼을 찾다보니 결국 다시 이니스프리 레티놀 시카 흔적 앰플 사용해 보게... 이니스프리 레티놀 시카 흔적 앰플 이니스프리 레티놀 시카 흔적 앰플 (30ml) 우선, 사용 전에 가볍게 설명해...",띤또네 뷰티가든,https://blog.naver.com/limhyunjun,20260607
이니스프리 5천원 할인 네이버 페이 5000원 즉시 적립 매장 화장품 싸....,https://blog.naver.com/tuesdaycherry/224336807731,이니스프리 오프라인 할인 네이버페이 QR 결제 5천원 즉시적립 스킨케어 쟁이기 이니스프리 7월 이달의 할인 이벤트 핵심 내용 알아보기... 이니스프리 할인 오천원 이니스프리 매장에서 2만원 이상을...,리뷰미 라이프 로그,https://blog.naver.com/tuesdaycherry,20260705
이니스프리 노세범 톤업 선크림 뽀용한 여름 파데프리 추천템,https://blog.naver.com/lovelyy3y/224298991845,이니스프리 노세범 톤업 선크림 뽀용한 여름 파데프리 추천템 여름에는 아침엔 공들여 화장해도... ㅎㅎ 최근에 써 본 제품은 바로 이니스프리 노세범 톤업 선크림! 노세범 맛집 이니스프리는 워낙 유명하기도...,아기엄마의 뷰티 이야기,https://blog.naver.com/lovelyy3y,20260528
[이니스프리]이니스프리 비타민C 그린티 엔자임 잡티 토닝 패드 화....,https://blog.naver.com/zxcvcxz357/224313642625,"사본 이니스프리 비타민C 잡티 토닝 패드를 한번 소개해 보려고 작성하는 후기: 출처 : 이니스프리 홈페이지 피부톤, 잡티, 건조함을 전부... 중에서 이니스프리 패드를 선택한 이유는 비타민C 함유량과 효과가...",얼렁뚱땅 뚜비의 하루,https://blog.naver.com/zxcvcxz357,20260612
아이브로우 추천! 이니스프리 납작 아이브로우 펜슬 4호 새벽 이슬 ....,https://blog.naver.com/im113113/224329288721,이번에 사용해본 이니스프리 납작 아이브로우 펜슬 4호 새벽 이슬... 이니스프리 납작 아이브로우 펜슬 이번 제품의 가장 큰 장점은... 총평  이니스프리 납작 아이브로우 펜슬 4호 새벽 이슬 애쉬브라운은...,해린의 화장대,https://blog.naver.com/im113113,20260628
이니스프리 목련엔딩 아이섀도우 블러셔 재출시템 구매 발색 후기,https://blog.naver.com/newwwn/224239730365,"이니스프리 목련엔딩 아이섀도우 핑크 블러셔 추천 (너무 맘에 들어♡) 구매처: 이니스프리몰 가격: 6,000원 블러셔 구경하다가 이니스프리 단종템이었던 목련엔딩이 재출시됐다고 해서 궁금해서 사본...",하이하이,https://blog.naver.com/newwwn,20260403
이니스프리 제주하우스 카페 오설록 비누만들기 체험,https://blog.naver.com/smg362/224339095273,"오설록과 같은 주차장을 공유하는 이니스프리 제주하우스에도 다녀왔어요~! 제주도에는 샌드위치, 음료도 파는 이니스프리가 있다!? 이니스프리 제주하우스 ⏰ 9:00-19:00  주차장O  오설록, 이니스프리 제주 매장...",Let's Go Mami,https://blog.naver.com/smg362,20260707
이니스프리 레티놀 선크림 폼클렌징 노세범 매장 파우더 수분크림 ....,https://blog.naver.com/vkeo3136/224370358043,"이니스프리, 어디서 만날 수 있을까 이니스프리는 제주의 자연 원료를 앞세운 국내 대표 스킨케어... 전국 곳곳의 이니스프리 매장, 올리브영 입점 매대, 그리고 공식 온라인몰이죠. 매장에서는 발림성과 향을...",알리,https://blog.naver.com/vkeo3136,20260806
"올리브영 레티놀 추천, [이니스프리 레티놀 시카 모공 흔적 앰플] 내....",https://blog.naver.com/jihye1377/224351417669,"'이니스프리 레티놀 시카 모공 흔적 앰플 안녕하세요. 졔졔입니다 :) 저는 '이니스프리 레티놀 시카 흔적 앰플'을 정말 만족하면서 사용했는데, 이번에 '이니스프리 레티놀 시카 모공 흔적 앰플'로 업그레이드되어...",지혜롭고 슬기롭게ღ,https://blog.naver.com/jihye1377,20260720
이니스프리 데일리 유브이 노세범 선파우더 내돈내산 후기,https://blog.naver.com/imwloxo/224296288140,"중 이니스프리에서 나오는 선 파우더를 발견했어요. 여름만 되면... 있었는데, 이니스프리에서 유명한 노세범 파우더에 선 기능이... 노세범하면 이니스프리가 원조고 제일 유명하지만, 한 번도 써본 적이...",방구석 보통의 하루,https://blog.naver.com/imwloxo,20260526
올리브영 미백 세럼 후기 “이니스프리 비타민C 캡슐 세럼” 톤업광....,https://blog.naver.com/yhm419/224326112333,"이니스프리 비타민C 캡슐 세럼 / 미백 잡티 톤업 광채 30ml, 1개 이니스프리 naver.me 안녕하세요:) 혬찌입니다 톤업 앰플로 이미 아주 유명한 이니스프리 비타민C 캡슐 세럼 유튜버들도 엄청 추천을 많이...",혬찌로그,https://blog.naver.com/yhm419,20260624
저자극 레티놀 입문템ㅣ이니스프리 레티놀 시카 모공 흔적 앰플,https://blog.naver.com/handa_47/224370368903,"다행히 레티놀 맛집 이니스프리에서 모공흔적 앰플이 새로 나왔답니다... 해보았어요 이니스프리 레티놀 시카 리페어 앰플 30 ml / 38,000원 미백 주름개선 기능성 ✨ 3 POINT l 이니스프리 레티놀 시카 모공 흔적...",신나몬의 뷰동산,https://blog.naver.com/handa_47,20260807
